artist,albums,tracks,bytes,in_active,active_tracks
$not,2,2,3156108,no,0
$ubjectz,2,2,4095443,no,0
'Til Tuesday,2,2,8138555,no,0
1.8.7. Deathstep,2,2,8211025,no,0
10 Years,2,2,6899155,no,0
"10 Years, Conquer Divide",1,2,5531471,no,0
2 Bad Mice,2,2,10310670,no,0
2Pac,2,2,9415074,no,0
"2WEI, Bri Bryant",2,2,6015217,no,0
36 Questions,2,2,9281628,no,0
4 Non Blondes,1,2,7731586,no,0
8 Graves,1,2,6870169,no,0
8485,2,2,4291117,no,0
A Forest Of Stars,2,2,15121971,no,0
"A Sides, Nut E-1",1,2,12481963,no,0
A.R. The Mermaid,2,2,3566504,no,0
"ALG0, DJ RASP, Dweller",1,2,11210949,no,0
ASHE 22,1,2,4269393,no,0
ATLUS Sound Team,1,2,5598690,no,0
Abney Park,2,2,6708522,no,0
"Absu, Zigi SC, WallHack",1,2,7668990,no,0
Ac Dc,2,2,7206647,no,0
Adam Jensen,2,2,6050483,no,0
Adam Lambert,1,2,6810950,no,0
Adam Melchor,2,2,6735306,no,0
Addison Grace,2,2,6263676,no,0
"Adrian Chandler, La Serenissima, Peter Whelan",1,2,5863917,no,0
Against the Current,2,2,6601302,no,0
Agent 99,1,2,3350219,no,0
Aghora,1,2,6507122,no,0
Aging,2,2,9950016,no,0
Agriculture,2,2,11322925,no,0
Aim To Head,2,2,6145519,yes,1
"Akasha, Effortless, Murmur",2,2,3670301,no,0
"Akasha, Murmur, Natsu",2,2,3541564,no,0
Alabama 3,2,2,8056212,no,0
"Alcemist, Coco",2,2,7171538,no,0
Alessia Cara,1,2,6807139,no,0
Alfredo Evans,2,2,6396667,no,0
Alisa Amador,2,2,5246882,no,0
Alison Wonderland,2,2,7369723,no,0
Alk-e-d,1,2,10248897,no,0
Alkaloid,2,2,10399429,no,0
All Saints,2,2,8789516,no,0
Allegaeon,1,2,9221824,no,0
Aloe Blacc,2,2,7234588,no,0
"Amandla Stenberg, SZA",1,2,8350849,no,0
American Authors,2,2,6484600,no,0
Ananta,1,2,9787527,no,0
Anarbor,1,2,4897827,no,0
Anarchicks,2,2,7694944,no,0
Anberlin,2,2,6200417,no,0
"AndrewA, Akira Yamaoka",2,2,4174067,no,0
Andromida,2,2,7573703,no,0
Andy Black,2,2,6175051,no,0
Angel Vivaldi,2,2,9170371,no,0
Angelic Milk,2,2,6500342,no,0
Annapantsu,2,2,5156421,no,0
Anne-Marie,2,2,5901807,no,0
"Annix, A Little Sound",2,2,7392986,no,0
Anson Seabra,2,2,6578537,no,0
Anxiid,2,2,6027940,no,0
Aqua,2,2,6158364,no,0
"Aran, Kobaryo",2,2,6140909,no,0
Arca,2,2,5799080,no,0
Arcadi Volodos,2,2,9135013,no,0
Archaic Earth,1,2,11221670,no,0
"Arctic Moon, Truewave",2,2,6099191,no,0
Arcángel,2,2,7869987,no,0
Area 39,1,2,9898917,no,0
"Armin van Buuren, Bon Jovi",1,2,9787829,no,0
Arre! Arre!,1,2,5557068,no,0
Arrested Youth,2,2,6106889,no,0
Arthur Rubinstein,2,2,11526982,no,0
Aryia,2,2,7002725,no,0
As I Lay Dying,2,2,8069742,no,0
Ash Ra Tempel + Timothy Leary,1,2,41472442,no,0
Ashley Jana,1,2,6668592,no,0
Ashley Tisdale,2,2,5741025,no,0
Ashlie Amber,2,2,5590418,no,0
Ashtin Larold,2,2,3096021,no,0
Assassin's Creed,1,2,3490007,no,0
Attack Attack!,2,2,6818416,no,0
August Ponthier,2,2,6299904,no,0
Aunty Donna,1,2,3298952,no,0
Autoclave,1,2,5780771,no,0
Avatar,2,2,9194654,no,0
Aviina,2,2,6036411,no,0
Awesome 3,1,2,9039234,no,0
"Axwell __ Ingrosso, Axwell, Sebastian Ingrosso",1,2,8123960,no,0
BARAKA,1,2,9798758,no,0
BATME,2,2,5911280,no,0
BLACKMAYO,2,2,4041629,no,0
BLACKPINK,2,2,6471254,no,0
BLCKK,2,2,3407131,no,0
"BLooM, Seventh Wonder",2,2,11187731,no,0
BOAN,1,2,8478466,no,0
BONES UK,1,2,6257234,no,0
BOYE,1,2,5278124,no,0
BOYS LIKE GIRLS,2,2,6782034,no,0
BRAT,1,2,4279962,yes,18
BROCKHAMPTON,2,2,6857951,no,0
Baby Bash,2,2,7320055,no,0
BabyCorpse,2,2,3659312,no,0
Backstreet Boys,2,2,7921389,no,0
Badflower,2,2,7762962,no,0
Banshee,2,2,3872504,no,0
Barbara Dane,1,2,6925062,no,0
Basement Freaks,2,2,9600384,no,0
Basstyler,2,2,8367062,no,0
Basswell,2,2,9168853,no,0
Baywood,2,2,6624542,no,0
Becky Hill,2,2,6924690,no,0
Beenie Man,1,2,7419607,no,0
Before the Dawn,2,2,7635750,no,0
Bejo,2,2,8212737,no,0
Bell Biv DeVoe,2,2,7272032,no,0
Ben Harper,2,2,7917096,no,0
Ben Platt,1,2,7100718,no,0
Benjamin Grosvenor,2,2,8504288,no,0
Benny Benassi,2,2,9017043,no,0
Beth McCarthy,2,2,6198882,no,0
Bicep,2,2,8945947,no,0
Big Brother & the Holding Company,1,2,8733084,no,0
Big Star,2,2,5114579,no,0
Big Time Rush,1,2,6215413,no,0
Bill Walton,2,2,8709477,no,0
Billy Bragg,2,2,5858021,no,0
Billy Talent,2,2,7307818,no,0
"Billy _Daniel_ Bunter, J.D.S_",2,2,8770298,no,0
Bingo Players,2,2,5160747,no,0
Biz Markie,2,2,8053678,no,0
"Bl'ast!, Eyehategod",1,2,6896408,no,0
Black Light Discipline,2,2,7347369,no,0
Black Math,2,2,7034680,no,0
Black Tiger Sex Machine,2,2,6069776,no,0
Blackbird Raum,1,2,9116184,no,0
Blake Shelton,2,2,6024680,no,0
Blame,2,2,8862547,no,0
"Blaue Blume, Trentemøller",1,2,9529375,no,0
BlckHry,1,2,8391080,no,0
Blind Melon,2,2,7190368,no,0
Blue King Brown,1,2,8270153,no,0
Blue Magic,1,2,8484628,no,0
Bnny,2,2,4558926,no,0
Bo-peep,1,2,7267784,no,0
Bob Marley And The Wailers,2,2,7050958,no,0
Bob Rivers & Twisted Radio,1,2,5229767,no,0
"Bob Vylan, Young Magic",1,2,5254578,no,0
Bobby Brown,2,2,8075847,no,0
Bobby Darin,2,2,5952153,no,0
Bombo Rosa,2,2,7732764,no,0
Bootsy Collins,2,2,10045253,no,0
"Boozoo Bajou, Fursattl",1,2,9511609,no,0
"Boozoo Bajou, Jules",1,2,7951971,no,0
"Borgore, BeNda",2,2,5281992,no,0
Boston,2,2,8916516,no,0
"Bou, Haribo",1,2,7622787,no,0
Brains Outward & Peeling Flesh,1,2,5315797,no,0
"Bratkilla, C-Netik",1,2,12853764,no,0
Break,2,2,7985199,no,0
Bree Runway,1,2,5351866,no,0
Brick + Mortar,2,2,6796760,no,0
Brigitte Engerer,1,2,10931748,no,0
Bring Me the Horizon,2,2,6699931,no,0
Britti,2,2,6234886,no,0
Bronski Beat,1,2,13612592,no,0
Bronx7,2,2,3765664,no,0
Bronze Avery,2,2,4090492,no,0
"Brothel, Forerunner",1,2,6810415,no,0
"Brothel, Sidewalks and Skeletons, Clepsydra",1,2,8435483,no,0
"Brothel, dryve",2,2,7791863,no,0
Bruhmanegod,2,2,4868249,no,0
Bruno Major,1,2,5932959,no,0
Brutal Mary,1,2,4800900,no,0
Bryant Myers,2,2,8442040,no,0
Bryce Alakai,2,2,5426870,no,0
Brye,2,2,5661323,no,0
Buddy Holly,2,2,3666927,no,0
Buffalo Springfield,2,2,5414867,no,0
Butthole Surfers,2,2,7775653,no,0
BØRNS,1,2,7473095,no,0
"CARLOS, The Bandidos",2,2,4064649,no,0
"CLIQUES., R.A. The Rugged Man",1,2,9395545,no,0
COUCOU CHLOE,1,2,4252445,no,0
Cabaret Nocturne,2,2,12261008,no,0
Cabaret Voltaire,2,2,6380226,no,0
Cage the Elephant,2,2,6696391,no,0
Caifanes,2,2,8623083,no,0
Cali Cartier,1,2,2977169,no,0
Calpurnia,2,2,7313428,no,0
"Cam Wallace, Wiz Khalifa",2,2,4933938,no,0
"Camellia, Nhato",1,2,9603646,no,0
Camila Cabello,2,2,5908815,no,0
Camo & Krooked,2,2,7789423,no,0
Candy,1,2,3220686,no,0
Captain Bass,2,2,5381573,no,0
Capture The Crown,1,2,6971902,no,0
Car Seat Headrest,2,2,9061698,no,0
Caramella Girls,2,2,5440453,no,0
Carbon X,2,2,4383919,no,0
Cardi B,2,2,6193761,no,0
Carlie Hanson,2,2,6033531,no,0
Carter Vail,2,2,6002887,no,0
Carv,2,2,12337788,no,0
Cash Cash,2,2,7154377,no,0
Cast - Phineas and Ferb,1,2,2492856,no,0
Cavetown + chloe moriondo,1,2,8774951,no,0
Cavy,2,2,6687147,no,0
Cedric Brazle,2,2,5629317,no,0
Celtic Woman,2,2,7942065,no,0
Cerebral Ballzy,2,2,2086939,no,0
Cetu Javu,2,2,7570041,no,0
Chance the Rapper,1,2,7485461,no,0
"Charli xcx, Sam Smith",2,2,6062249,no,0
Charlie Houston,1,2,5833705,no,0
Cheap Trick,2,2,8135737,no,0
"Chester Fields, Laur",1,2,9410602,no,0
Chloe Parché,2,2,7332747,no,0
Chri$tian Gate$,2,2,4162442,no,0
Chris Letchford,1,2,8193912,no,0
Chris Patrick,2,2,4366893,no,0
Chrissy Chlapecka,2,2,5633064,no,0
Cipó Fogo,1,2,5568946,no,0
Claire Rosinkranz,2,2,5381678,no,0
Clarence Carter,2,2,6453063,no,0
Clarence Clarity,1,2,7067942,no,0
Claud,2,2,6016539,no,0
Clawerfield,1,2,9082982,no,0
Cliff Richard,2,2,6961924,no,0
Clones Of Sirius,1,2,7559357,no,0
Cloud Rat,1,2,3067467,no,0
Cmten,2,2,3863837,no,0
Cobrah,2,2,4897910,no,0
Coin,2,2,5776520,no,0
Coldplay & Rihanna,1,2,7214274,no,0
Colleen Green,1,2,6317411,no,0
Colter Wall,1,2,5966705,no,0
Compagnie Jolie Môme,2,2,10584181,no,0
"Computer Magic, Danz CM",2,2,5913922,no,0
ConcernedApe,1,2,4125379,no,0
Connie,1,2,8766483,no,0
Conor Maynard,2,2,5930049,no,0
Coping Method,2,2,7282042,no,0
Corpse Thrower,2,2,6425997,no,0
Corrigan Fest,1,2,9011362,no,0
Corum,1,2,40003472,no,0
Creeping Devil Cactus,2,2,11862370,no,0
Crockett,1,2,8744118,no,0
Crown The Empire,2,2,7935588,no,0
Crywolf,2,2,7303842,no,0
Cut Chemist,1,2,8097987,no,0
Cut Wide Open,2,2,10025944,no,0
Cutty Ranks VS Poison Chang,1,2,7915448,no,0
CyYu,2,2,3538243,no,0
Cyndustry,1,2,7685668,no,0
D Train,2,2,11126804,no,0
DC Breaks,2,2,7668223,no,0
"DESTROY BORING, Belis",2,2,4138907,no,0
DJ Crystl,1,2,12192180,no,0
DJ Dara,1,2,8728308,no,0
DJ Limited,1,2,7647501,no,0
DJ Luna-C,1,2,10905484,no,0
"DJ Myosuke, kaji",2,2,6556047,no,0
DJ TEMPA,1,2,8605982,no,0
DUMB FUCKS,1,2,3582587,no,0
DWLLRS,2,2,6075444,no,0
Daedric,2,2,7520465,no,0
Daft Punk feat. Pharrell Williams,1,2,8305295,no,0
Damien Quinn & Stir Crazy,2,2,5515815,no,0
Dan + Shay,2,2,6327689,no,0
Danny Denial,2,2,5454247,no,0
Danny Elfman,2,2,9850300,no,0
Danny Gonzalez,2,2,4774414,no,0
Dark Funeral,2,2,8667118,no,0
"Dark Half, Damien Quinn, Geno Cultshit",1,2,7545703,no,0
Darkspace,1,2,13487981,no,0
"Darude, Audioventura, JVMIE",1,2,9547246,no,0
DatTrak,1,2,5926666,no,0
Daughtry,2,2,7553373,no,0
David Hugo,2,2,5946320,no,0
Dawn Wall,2,2,8457241,no,0
DeBarge,1,2,9932628,no,0
Dead Boys,2,2,7071474,no,0
Dead Man's Chest,2,2,9620318,no,0
Deadcrow,2,2,9619308,no,0
Death's Head Moth,2,2,3391156,no,0
DeathbyRomy,2,2,5770929,no,0
Declan McKenna,1,2,7256863,no,0
Deee-Lite,2,2,7345302,no,0
Def Leppard,2,2,7958013,no,0
Deja Blu,2,2,9797429,no,0
Delta 5,1,2,5021187,no,0
Denis Kozhukhin,2,2,3884828,no,0
Dennis McCarthy,2,2,3174204,no,0
Dermot Kennedy,2,2,6802422,no,0
Des Rocs,2,2,5802429,no,0
Desired State,1,2,10490834,no,0
Desiree Cannon,2,2,5588047,no,0
Deuce,1,2,7621103,no,0
"Deus Ex Lumina, Antipole",2,2,6387660,no,0
Dev Lemons,2,2,4726622,no,0
Devil's Ivy,1,2,5677520,no,0
Dexxtrous & Sudden Def,1,2,10521941,no,0
DiVine,2,2,6219370,no,0
Diana Ross,2,2,8711521,no,0
Digital,1,2,10432769,no,0
Dimitri From Paris,1,2,20742980,no,0
"Dimitri Vegas, Like Mike",2,2,5365847,no,0
Dirty Sanchez,2,2,9368342,no,0
Discharge,2,2,7814801,no,0
Disperse,1,2,7423272,no,0
"Disrupta, Kathika",1,2,8468054,no,0
"Disrupta, MC Spyda",1,2,6415606,no,0
Dita Redrum,2,2,7667922,no,0
Divinity Roxx,2,2,5411800,no,0
Dj Guv,2,2,8381151,no,0
Dj Looney Uk,1,2,7591259,no,0
Dj's Unite,2,2,9481589,no,0
DnB Allstars,2,2,6132500,no,0
Don Toliver,1,2,5024020,no,0
Doom,2,2,6221208,no,0
"Doug Waylo, Filth, Splendour",1,2,14424318,no,0
Downwxlf,2,2,4286622,no,0
Dr. Acula,1,2,3384608,no,0
DragonForce,2,2,9945728,no,0
Dream Wife,2,2,5766335,no,0
Dreamer Boy,2,2,6652314,no,0
"Dreams For Two, Just Johnny, her.story",2,2,3077964,no,0
Dreamy Thoughts,2,2,4537508,no,0
Dub Elements,2,2,8193570,no,0
Dub Phizix,1,2,5153385,no,0
"DubVision, Afrojack",2,2,6217994,no,0
Dusk Lurker,2,2,9868711,no,0
"Dusk Records, Lukas Meunier",1,2,9913607,no,0
"Dutch Hour, Neurobeatz",1,2,2416670,no,0
Dutta,2,2,7534711,no,0
Dyzphoria,2,2,7158677,no,0
E.S. Posthumus,2,2,6891324,no,0
ELOHIM,1,2,5325624,no,0
EMMETH,2,2,4220125,no,0
ERRA,2,2,8013307,no,0
Eamonn Watt,2,2,6465327,no,0
Eartheater,2,2,7229767,no,0
Echo & the Bunnymen,2,2,9977483,no,0
Echosmith,1,2,7089777,no,0
Ecologist,1,2,22386782,no,0
Eddie,2,2,10716407,no,0
Eddie Cochran,1,2,2873844,no,0
Edvard Kravchuk,2,2,5786026,no,0
"Effortless, Akasha, Natsu",2,2,3475275,no,0
"Effortless, Natsu, Murmur",2,2,3903822,no,0
"Eiji, Dreams For Two, Just Johnny",2,2,3664764,no,0
Eir Aoi,2,2,8126839,no,0
Ekali,2,2,5606196,no,0
Elastica,1,2,4253107,no,0
Electric Youth,1,2,9012912,no,0
Elk,1,2,7922330,no,0
Elle King,2,2,5763066,no,0
Elliot Lee,2,2,5034719,no,0
Emmure,2,2,5479234,no,0
Endor,2,2,5758487,no,0
"Enei, Kasra",2,2,8839253,no,0
Ennja,2,2,8954269,no,0
Entitled,2,2,3634933,no,0
Enya,2,2,7696960,no,0
Eptic,2,2,7392483,no,0
Erik Satie,1,2,6055203,no,0
Escorbuto,1,2,3610658,no,0
Eskröta,2,2,4371724,no,0
Ethan Fields,2,2,5080178,no,0
Ethan Jewell,1,2,6750000,no,0
Eugene Ormandy,2,2,6288731,no,0
Eurythmics,2,2,6529075,no,0
"Eurythmics, Annie Lennox, Dave Stewart",2,2,8719583,no,0
Evalyn,1,2,6958032,no,0
"Exhumed, Gruesome",1,2,8954095,no,0
Eyedress,1,2,4181367,no,0
FAKE TYPE_,1,2,6476036,no,0
FILTHY HABITS,2,2,8277451,no,0
FLOW,2,2,7566766,no,0
FOXWEDDING,2,2,6588050,no,0
FRANCŒUR,1,2,7595762,no,0
Fabulous Trobadors,2,2,8468247,no,0
Fantasm,1,2,9054302,no,0
Far East Movement,1,2,6626170,no,0
FarFlow,2,2,6639036,no,0
Faster,2,2,5123156,no,0
Fat Controller,2,2,9555854,no,0
Fats Domino,2,2,3469587,no,0
"Fear, and Loathing in Las Vegas",2,2,7081163,no,0
"Feezy Lebron, Wiz Khalifa",1,2,5290362,no,0
Feist,2,2,6028874,no,0
Fela Kuti,2,2,19807656,no,0
Felix Martin,1,2,8985857,no,0
Fever Ray,2,2,8250872,no,0
Fightmaster,2,2,7837056,no,0
Fitz And The Tantrums,2,2,6694847,no,0
Flatliner,1,2,9926145,no,0
Fleet Foxes,2,2,6647387,no,0
Flesh Field,1,2,9601960,no,0
Flicts,1,2,7232591,no,0
Flow Dynamics,1,2,7099973,no,0
Flow Mafia,2,2,8588118,no,0
Flowidus,1,2,6221893,no,0
"Fluisteraars, Turia",1,2,30158505,no,0
"Flôr, Softhead, Nothing Less",2,2,3436079,no,0
Fogh Depot,1,2,10081240,no,0
For a Minor Reflection,2,2,8773870,no,0
Force Mass Motion,1,2,9229327,no,0
Foreigner,2,2,7724725,no,0
Forêt Endormie,2,2,11408465,no,0
Fractal Gates,1,2,7208173,no,0
Frank Zappa & The Mothers of Invention,1,2,8972044,no,0
Freestyle,1,2,11403638,no,0
Friction,2,2,7268549,no,0
Front Line Assembly,1,2,8979847,no,0
Frost Children,2,2,6794818,no,0
Frou Frou,2,2,8360154,no,0
Fucked Up,2,2,5590249,no,0
Fugu Quintet,2,2,12543431,no,0
Full Of Hell,1,2,3100483,no,0
"FuntCase, Trolley Snatcha",1,2,10970170,no,0
Future Palace,2,2,6468002,no,0
Future Twist,2,2,6383708,no,0
Future Wildstyle,2,2,8041710,no,0
Föxx Salema,1,2,6089939,no,0
GFRIEND,2,2,6317602,no,0
"GLC, Wiz Khalifa",2,2,4588945,no,0
Gabriela Montero,2,2,10326896,no,0
Gae Bolg,2,2,6587598,no,0
Gary Numan,2,2,8670249,no,0
Gauche,1,2,5297661,no,0
Gautier Capuçon,2,2,5966077,no,0
Gavin Luke,2,2,5894346,no,0
Generation X,2,2,7669945,no,0
Genetix,1,2,8293293,no,0
"George FitzGerald, Bonobo",1,2,9931159,no,0
Georgi Kay,2,2,5702214,no,0
"Getter, Ghostemane",1,2,3734583,no,0
Gfoty,1,2,5092830,no,0
"Ghost Creek, Little People",1,2,7410810,no,0
"Ghostemane, Parv0",1,2,3439364,no,0
Ghostface Killah,2,2,6832679,no,0
Girl Germs,1,2,5573875,no,0
Gitogito Hustler,1,2,5737508,no,0
Glee Cast,2,2,6875825,no,0
Gloria Gaynor,2,2,6086631,no,0
Gnaw Their Tongues,2,2,7127798,no,0
Gnothi Seauton,2,2,6163628,no,0
GoGo Morrow,2,2,4714721,no,0
God Is My Co-pilot,1,2,3196195,no,0
Goddard_,2,2,6154838,no,0
"Goldie, Photek",1,2,12332049,no,0
Gothminister,2,2,7087131,no,0
Grayscale,1,2,5706084,no,0
Greeley Estates,1,2,7140248,no,0
Gritando HC,2,2,2788242,no,0
Groove Armada,2,2,7881575,no,0
"Gui Perini, Abyssus",2,2,6407525,no,0
Gurldoll,2,2,4206632,no,0
Gxx,2,2,6576309,no,0
Gydra,2,2,6540735,no,0
Gérard Presgurvic,1,2,6833612,no,0
H31r,2,2,3740357,no,0
HEXA,2,2,6673390,no,0
HMLTD,2,2,6602063,no,0
Hadji Gaviota,2,2,4783791,no,0
Hallowed,2,2,6398447,no,0
Hans Zimmer,1,2,4660861,no,0
Hard-Fi,2,2,7172129,no,0
Harold Faltermeyer,1,2,6874635,no,0
Haujobb,2,2,8384325,no,0
Hayden Coffman,2,2,5962322,no,0
Hayden Everett,2,2,5040175,no,0
Hayley Kiyoko,2,2,7095588,no,0
He Is We,2,2,7057913,no,0
Heart,2,2,10395996,no,0
Hed F.U.K_,1,2,12004476,no,0
Hensonn,2,2,4903930,no,0
Hermei,2,2,7924199,no,0
Herrschaft,1,2,7020019,no,0
Hex Rated,2,2,6225737,no,0
Hidemi Ishikawa,1,2,8865022,no,0
Hinder,1,2,7489110,no,0
Hirs Collective,1,2,624824,no,0
Hoax,2,2,7498087,no,0
Honey Bxby,2,2,6795300,no,0
Honeyblood,2,2,5057895,no,0
Honeychild Coleman,1,2,6560508,no,0
Hootie & The Blowfish,1,2,6484966,no,0
"Hopsin, Dax",2,2,4661959,no,0
"Hostage Calm, Anti-Flag",1,2,4860676,no,0
Hot Chelle Rae,1,2,5935254,no,0
House of Pain,2,2,6362943,no,0
Howard Johnson,1,2,7751834,no,0
Howlin' Wolf,2,2,4791549,no,0
Humble Goods,2,2,4053288,no,0
Hunter Oliveri,2,2,5485405,no,0
Hyper-On Experience,2,2,11254022,no,0
Hypomania,1,2,4084912,no,0
I Hate Models,2,2,14811513,no,0
I Prevail,2,2,7533715,no,0
Ice Cube,2,2,8154870,no,0
Iceberg Black,2,2,5468352,no,0
If These Trees Could Talk,1,2,11577498,no,0
Iglooghost,2,2,7336517,no,0
"Igorrr, Bong-Ra",1,2,6380805,no,0
Ikimonogakari,1,2,6876999,no,0
Ill Figure,1,2,11079054,no,0
Illdisposed,1,2,7315392,no,0
In Cauda Venenum,1,2,39326250,no,0
Indecorum,2,2,5059220,no,0
Infinity Ripple,1,2,5016018,no,0
Inner Circle,2,2,7352363,no,0
"Insane Poetry, JP Tha Hustler",1,2,6237303,no,0
Insideinfo,2,2,7756802,no,0
"Insideinfo, Mefjus",2,2,10233028,no,0
Intalex Productions present The X,1,2,12001346,no,0
Interplanetary Criminal,1,2,8923546,no,0
Interpol,2,2,6847066,no,0
Inzo,2,2,7422741,no,0
Iron & Wine,2,2,12061073,no,0
Isaac Dunbar,2,2,4374358,no,0
Isolated Beingz,2,2,6092992,no,0
Isorin,2,2,7808116,no,0
Istasha,2,2,4090807,no,0
Ital Tek,2,2,7700019,no,0
Iva Gonzo,2,2,5732851,no,0
J Bookey,2,2,9118766,no,0
J Majik,2,2,10757368,no,0
J.J. Fad,1,2,6046888,no,0
JAY Z,1,2,7994946,no,0
JHITZU,1,2,8254877,no,0
JVLIAH,2,2,7508804,yes,1
Jack Ruby,2,2,12746216,no,0
Jackie Hayes,2,2,5187571,no,0
James Blake,2,2,6407122,no,0
Jamiroquai,1,2,8625840,no,0
Japan,2,2,10434805,no,0
Jasiah,2,2,3783339,no,0
Jeff Buckley,2,2,13069065,no,0
Jeff Russo,2,2,4143229,no,0
Jeremy Zucker,2,2,5723189,no,0
Jerry Knight,1,2,8378158,no,0
Jessaudrey,2,2,6094422,no,0
Jethro Tull,2,2,10788870,no,0
Jhariah,2,2,7344528,no,0
Jimmy Cliff,2,2,5675640,no,0
"Joe Fight, DJ Myosuke",2,2,5676072,no,0
"Joely, MadRush MC",2,2,9565246,no,0
John Maus,2,2,4799123,no,0
Jonny L,2,2,9090709,no,0
Jordana Bryant,2,2,5477757,no,0
Joseph Dubay,2,2,4636345,no,0
Joy Again,2,2,4521883,no,0
Joyryde,2,2,7171721,no,0
Joywave,2,2,6371193,no,0
Juicy,1,2,8817322,no,0
Julio Jaramillo,1,2,5262685,no,0
Jungle Brothers,1,2,8543758,no,0
Junior dos Santos Silva,1,2,7732025,no,0
"Just Johnny, her.story, Eiji",2,2,3408462,no,0
"Justin Hurwitz, Justin Paul, Benj Pasek",1,2,7119410,no,0
Justin Nozuka,2,2,9031884,no,0
"K Motionz, Subsonic",2,2,7399615,no,0
K7,1,2,7623630,no,0
KAIVON,2,2,7506482,no,0
KAROL G,2,2,7453896,no,0
KRISTINE,2,2,7327729,no,0
KROWW,2,2,7140707,no,0
Kacey Musgraves,2,2,6098025,no,0
Kailee Morgue,2,2,4928546,no,0
Kajagoogoo,2,2,7166047,no,0
Kalax,2,2,7932316,no,0
Kaleo,2,2,7431975,no,0
Kali Uchis,1,2,6341860,no,0
Kamel Ouali,1,2,7194362,no,0
Kanga,1,2,8332167,no,0
"Kanine, Alphaze",1,2,8053038,no,0
"Kanine, Slipz",1,2,7547626,no,0
"Kanine, Subsonic, ShockOne",1,2,7030538,no,0
"Kanine, tsuki",1,2,7661600,no,0
Kareen Lomax,2,2,5034722,no,0
Kareful,1,2,6898251,no,0
Katastrophy Wife,2,2,6270536,no,0
Katia Labèque,2,2,5080297,no,0
Katrina Stuart,2,2,5648239,no,0
Kavern,2,2,7419987,no,0
Keith Sweat,1,2,9419176,no,0
Kelis,2,2,7097958,no,0
Kelmitt,2,2,11512403,no,0
Kelsea Ballerini,2,2,5299969,no,0
Kelsy Karter,2,2,5977508,no,0
Kelz2busy,2,2,4793814,no,0
"Kendrick, BAKER",1,2,8183446,no,0
"Kendrick, Flatline",1,2,7472976,no,0
KennyHoopla,1,2,5581240,no,0
KennyHoopla with grandson,1,2,6229515,no,0
"Kid Ink, Wiz Khalifa",2,2,5063128,no,0
Killbox,2,2,9698426,no,0
"Killer Mike, Damian _Jr. Gong_ Marley",1,2,8328203,no,0
Killing Joke,2,2,7524621,no,0
King Isis,2,2,5362803,no,0
King Princess,2,2,6840874,no,0
Kito,2,2,6608800,no,0
Kleeer,1,2,9285287,no,0
Klute,1,2,11138181,no,0
Kopalhem,1,2,8643737,no,0
Kormz feat. Noxxic,1,2,7591342,no,0
Kreayshawn,2,2,5675438,yes,44
Kultist,1,2,5300696,no,0
Kun-Woo Paik,2,2,7563281,no,0
Kuzu Mellow,2,2,2896233,no,0
Kvadrat,1,2,14528600,no,0
Kydia,1,2,6695701,no,0
Kygo,2,2,7140095,no,0
"Kyle McEvoy, RJD2",1,2,6781611,no,0
Kyle Watson,2,2,9655978,no,0
Kymera,2,2,4256402,no,0
L Ʌ V Σ N,1,2,12901882,no,0
L.A. Dream Team,1,2,9864857,no,0
"LATE SINCE, hyperforms, théos",1,2,7610261,no,0
"LE SSERAFIM, PinkPantheress",1,2,5923978,no,0
LOONA,2,2,6586398,no,0
LOST SOUL,1,2,14154788,no,0
LP,1,2,7887416,no,0
La Ley,2,2,6537912,no,0
La Roux,1,2,7019722,no,0
La Rue Kétanou,2,2,9061902,no,0
La Troupe des Dix Commandements,1,2,9161337,no,0
Labrinth,2,2,4820428,yes,30
Laci Kaye Booth,2,2,5412560,no,0
Lady Gaga & Honey Dijon,1,2,9783360,no,0
Lady Gaga featuring Colby O’Donis,1,2,15378333,no,0
"Lady Gaga, Ariana Grande, Purple Disco Machine",1,2,10012982,no,0
"Lady Gaga, Ariana Grande, Ralphi Rosario",1,2,10768951,no,0
"Lady Gaga, Bruno Martini",1,2,6028357,no,0
"Lady Gaga, Sofi Tukker",1,2,7660672,no,0
Lady Pills,1,2,3970192,no,0
Lagrimas,2,2,2990698,no,0
Lake Of Blood,1,2,30483806,no,0
Lakeside,2,2,9786384,no,0
Lauren Daigle,1,2,7661754,no,0
Lauryn Hill,2,2,7882062,no,0
Lavinia Meijer,2,2,8586536,no,0
Leathers,1,2,6874695,no,0
Lebanon Hanover,2,2,6693213,no,0
Left to Suffer,2,2,5824164,no,0
Lemane,2,2,11090729,no,0
Lenka,2,2,5856422,no,0
Lenny Kravitz,2,2,9459088,no,0
Les Quatre Barbus,1,2,7152666,no,0
Lesbian Bed Death,1,2,8255598,no,0
Levela,2,2,8406065,no,0
Lewis Capaldi,2,2,6168581,no,0
LiSA,2,2,7754156,no,0
Lick,1,2,7292144,yes,1
Life After Youth,2,2,4712008,no,0
Like Moths To Flames,2,2,6450630,no,0
Lil Happy Lil Sad,2,2,7096365,no,0
Lil Lucifer,2,2,3021800,no,0
Lil Nas X,2,2,4828554,no,0
Lil Suzy,2,2,7272160,no,0
Lilbubblegum,2,2,4857189,no,0
Lily Fitts,2,2,5801301,no,0
Lil’ Kim,2,2,8800477,no,0
Limp Wrist,1,2,2063519,no,0
Linked Horizon,1,2,10059863,no,0
Lip Critic,2,2,4489651,no,0
Lipstick Homicide,1,2,4183627,no,0
Liquid Crystal,1,2,8457865,no,0
Liturgy,2,2,11576291,no,0
Lock The Basement,2,2,7121745,no,0
Lords of the Trident,2,2,8490324,no,0
Los Bunkers,1,2,7712961,no,0
Louie Martin,2,2,6916136,no,0
Low Orbit Drift,1,2,8975265,no,0
Lsdream,2,2,8081695,no,0
Luca Eck,2,2,9752802,no,0
Ludo,2,2,7228126,no,0
Lukas Meunier,1,2,11151262,no,0
Luke Howard,2,2,5247965,no,0
Luminus,2,2,7118243,no,0
Luna,2,2,3419182,no,0
Luna Elle,2,2,5378939,no,0
Lundy,2,2,6370624,no,0
Lung Leg,1,2,2445764,no,0
Lush,2,2,5209804,no,0
LustSickPuppy,2,2,3055465,no,0
Líneas,1,2,5327218,no,0
M&M,2,2,10034409,no,0
M-Seven,2,2,8631680,no,0
M1dy,2,2,7514859,no,0
M83,1,2,5577643,no,0
MDNGHTDRV,2,2,5583826,no,0
MILKBLOOD,1,2,5512109,no,0
MIYAVI,2,2,6443415,no,0
MOM,2,2,3743683,no,0
MORS PRINCIPIUM EST,2,2,8130514,no,0
MORSURE,2,2,14417638,no,0
Mabel,2,2,5811936,no,0
Madame So,2,2,6238225,no,0
Maddie Poppe,2,2,5378704,no,0
"Magenta, A Plus DNB, Kendrick",1,2,6609288,no,0
Male Tears,2,2,6955964,no,0
Malevich,2,2,7875918,no,0
Malinda,2,2,5682644,no,0
Manic Street Preachers,2,2,9812011,no,0
Manu Chao,2,2,4734675,no,0
"Maratone, Nhato",1,2,8832254,no,0
Marcella Puppini & R.A. the Rugged Man,1,2,7779952,no,0
Maren Morris,1,2,6983187,no,0
Maretu,1,2,8245077,no,0
Margaritas Podridas,1,2,5026652,no,0
Maria BC,2,2,8577822,no,0
Mark Ronson,2,2,7475443,no,0
Maro Music,2,2,4268443,no,0
Marsen Jules Trio,1,2,21465329,no,0
Martha Reeves And The Vandellas,2,2,5210676,no,0
Marvellous Cain,2,2,9284548,no,0
Mary J. Blige,2,2,9381717,no,0
Mary Jane Girls,1,2,7811454,no,0
Marzz,2,2,5093477,no,0
"Master Error, Toxinate",1,2,7618874,no,0
Master Peace,2,2,4537499,no,0
Matchstick Piano Man,1,2,6479065,no,0
Matt Fishel,1,2,9120352,no,0
Matt Harnett,1,2,12390558,no,0
Matt Lingus,2,2,6775492,no,0
Maude Latour,2,2,4187647,no,0
Maurice Font,2,2,7491000,no,0
Maurizio Pollini,1,2,9173942,no,0
Maximum Love,1,2,6358147,no,0
Maztek,1,2,8367327,no,0
Meat Loaf,2,2,14121152,no,0
Meek Mill,1,2,6755554,no,0
"Mefjus, Maksim MC",2,2,6086861,no,0
"Mefjus, Phace",1,2,9389302,no,0
Melba Moore,2,2,8800577,no,0
Melvins _ Boris,1,2,72277650,no,0
Memorrhage,1,2,6779178,no,0
Mentissa,2,2,6827296,no,0
Mercury,2,2,4791908,no,0
Metric,2,2,6178267,no,0
Michael Arthur Holloway,1,2,13867956,no,0
Michael Bublé,2,2,6036494,no,0
Michael Giacchino,2,2,2783408,no,0
"MikEL, GameChops",1,2,4851599,no,0
Mika Miko,1,2,2438080,no,0
Mikabomb,1,2,3953940,no,0
Mike Krol,1,2,2899094,no,0
Millbrook,2,2,8143137,no,0
Mindfold Express,1,2,7664889,no,0
Minority Threat,1,2,2293558,no,0
Miranda Cosgrove,2,2,5874614,no,0
Miranda Lambert,2,2,6355491,no,0
Misanthrop,2,2,7305380,no,0
Misbehavin' Maidens,2,2,7184711,no,0
Miss K8,1,2,5361277,no,0
Miss May I,2,2,6893611,no,0
Missy Elliott,2,2,8536636,no,0
MisterWives,1,2,6564287,no,0
"Mitski, Audiotree",1,2,4723457,no,0
Mo' Horizons,1,2,9425482,no,0
Mo'ynoq,1,2,11295086,no,0
Moby,2,2,7927702,no,0
Modest Mouse,2,2,6483086,no,0
Mohsen Sokard,2,2,5148356,no,0
"Molecular, SMG",1,2,7335240,no,0
Molly Nilsson,1,2,6970126,no,0
Monolord,2,2,16698641,no,0
"Mooqee, Beatvandals",2,2,8655614,no,0
Moris Blak,2,2,8446574,no,0
Morrissey,2,2,6972134,no,0
Morvigor,1,2,19231468,no,0
Mr.Kitty,2,2,7291004,no,0
"Mully, Tekagrey",1,2,9481403,no,0
"Murmur, Effortless, Akasha",2,2,3301343,no,0
"Murmur, Natsu, Effortless",2,2,3383506,no,0
Mutemath,1,2,6360944,no,0
Mykki Blanco,2,2,6493237,no,0
N.W.A.,2,2,8622870,no,0
NF,2,2,7172822,no,0
NGXT,2,2,6825663,no,0
NIKHEDONIA,2,2,2785975,no,0
NOFRAME,2,2,6972555,no,0
"NOËP, CHINCHILLA",2,2,6540276,no,0
Nakaruga,1,2,7173079,no,0
"Nasty Habits, Om Unit",1,2,13416422,no,0
Natasha Bedingfield,2,2,7268395,no,0
"Natsu, Akasha, Effortless",2,2,3110177,no,0
"Natsu, Murmur, Akasha",2,2,3871345,no,0
Natte Visstick,2,2,4051715,no,0
Negative XP,1,2,4719978,no,0
"Nell Benjamin, Laurence O’Keefe, Annaleigh Ashford",1,2,6292427,no,0
Nelson Freire,1,2,9558854,no,0
NeoliX,1,2,8840355,no,0
Neon Trees,2,2,6366924,no,0
Neonlight,2,2,8965817,no,0
Netta,2,2,5878712,no,0
Neumonic,2,2,6023218,no,0
Neurosis,2,2,14891064,no,0
Never Shout Never,2,2,5019855,no,0
New Edition,2,2,8909731,no,0
"Nick Fowler The Messiah, Velvet Revolver",2,2,6830407,no,0
Nicole Dollanganger,2,2,6810601,no,0
Niki Istrefi,1,2,10298266,no,0
Nils Frahm,2,2,6765109,no,0
Nino Augustine,2,2,5177158,no,0
Nio Garcia,2,2,10426036,no,0
Nmesh,2,2,9947164,no,0
Noah Cyrus,2,2,4889001,no,0
Noir Désir,1,2,9504911,no,0
Noise Unit,2,2,9593189,no,0
"Noisia, The Upbeats",1,2,10186479,no,0
Norman Greenbaum,2,2,6567770,no,0
"Nothing Less, mëow mëow, Flôr",2,2,3095815,no,0
Nvtvs,2,2,2947918,no,0
Nyxx,1,2,7209097,no,0
Nâdiya,2,2,7811826,no,0
OBESØN,2,2,7445714,no,0
ORYMA,2,2,7690005,no,0
OZI,1,2,6651194,no,0
Ohio Players,2,2,7075153,no,0
Okaminokami,2,2,3980249,no,0
Olga Scheps,1,2,7733572,no,0
Olly Murs,2,2,5938264,no,0
Omnium Gatherum,2,2,9534776,no,0
One Morning Left,1,2,6222727,no,0
OneLongDon,2,2,6218093,no,0
Onlap,2,2,6967105,no,0
Orange Caramel,2,2,6310703,no,0
Orchestral Manoeuvres In The Dark (OMD),2,2,6651204,no,0
OrelSan,1,2,6875994,no,0
"Original Sin, Grace Barton",2,2,6800423,no,0
"Original Sin, Rise, Trex",1,2,8449656,no,0
Our Last Night,2,2,6752596,no,0
Outrun The Sunlight,1,2,11205802,no,0
PC Worship,1,2,28394565,no,0
PRFCT Mandem,2,2,5515631,no,0
"P_Light, Dj Noriken",1,2,5726971,no,0
"Pabllo Vittar, Charli xcx",2,2,4366705,no,0
Pacific Star,1,2,7291413,no,0
Paladin's Death,2,2,5694748,no,0
Palberta,1,2,2345475,no,0
Paranormal Arson,1,2,4735316,no,0
Parliament,2,2,9562296,no,0
"Particle, Wingz",1,2,8528612,no,0
Partigianos,1,2,5316805,no,0
Patsy Cline,1,2,2623250,no,0
Paul Anka,2,2,4914185,no,0
Paul McCartney,1,2,7091802,no,0
Pavement,2,2,6264317,no,0
Payday,2,2,3513728,no,0
Peach Kelli Pop,1,2,4182432,no,0
Pebbles,2,2,8558635,no,0
Peeling Flesh,1,2,8004659,no,0
Perfume,2,2,6857450,no,0
Perhopes,2,2,9153838,no,0
Periodeater,2,2,8181580,no,0
"Perry Farrell, UNKLE",1,2,10938881,no,0
Peter Gabriel,2,2,12039210,no,0
Petit Biscuit,2,2,7419198,no,0
Phaeleh,2,2,8957239,no,0
Phillip Phillips,2,2,6254926,no,0
Pholo,2,2,7235708,no,0
Phonkyou,2,2,4826803,no,0
Plain White T's,2,2,5562113,no,0
Playaphonk,2,2,4229635,no,0
Poor Man's Poison,2,2,5676066,no,0
Poppet,1,2,9127039,no,0
Porno Graffitti,1,2,7687979,no,0
Portugal. The Man,1,2,6963394,no,0
Portwave,2,2,8479461,no,0
Posij,1,2,9764896,no,0
Pouya,2,2,4823051,no,0
Praga Khan,2,2,9512646,no,0
Pretty Sick,1,2,6100180,no,0
Primate,2,2,5662326,no,0
Prince Royce,2,2,7784304,no,0
Princess Chelsea,2,2,7692460,no,0
"Prof, Baby Tate, Ghosttown",1,2,6651111,yes,2
"Prof, Ghosttown",1,2,6149163,yes,2
"Prof, Kota the Friend",1,2,5266660,yes,2
"Prof, Sauce Walka",1,2,5718821,yes,1
Project Pitchfork,2,2,7481179,no,0
Purple Sun,2,2,5645231,no,0
Pussyliquor,1,2,6206490,no,0
Pylot,2,2,7198758,no,0
Pyrates!,2,2,5377898,no,0
QUAL,2,2,9249235,no,0
Quadeca,2,2,4007144,no,0
Quantic,2,2,8552588,no,0
Queen & David Bowie,2,2,7599528,no,0
Queen Chimera,2,2,5847671,no,0
Quirke,1,2,10215795,no,0
RBL Posse,1,2,7501126,no,0
RENT STRIKE,1,2,5989362,no,0
ROBPM,1,2,12501396,no,0
ROME,2,2,6262271,no,0
Radare,2,2,12060143,no,0
Rae & Christian,1,2,4868831,no,0
Raign,2,2,7685359,no,0
Raincoats,1,2,8866837,no,0
Randy Newman,2,2,4546029,no,0
Rave the Reqviem,2,2,6503748,no,0
Raxeller,2,2,10477928,no,0
Raydar,1,2,13631870,no,0
Ready For The World,2,2,9156627,no,0
Reaper,2,2,5929804,no,0
Rebel Scum,2,2,7398019,no,0
Red Arkade,2,2,5281195,no,0
Red Flags,2,2,3360243,no,0
Red One,1,2,10344271,no,0
Red Velvet,2,2,6600070,no,0
"Redalice, Delutaya",1,2,5140488,no,0
"Redalice, kors k",1,2,6248452,no,0
Redbone,2,2,6535419,no,0
Redpill,2,2,6965887,no,0
Reel Big Fish,2,2,4416207,no,0
Rejecter,1,2,9134196,no,0
"Ren, Prof",1,2,6207647,no,0
Revizia,1,2,9619866,no,0
Revol,2,2,9081145,no,0
Rezz,2,2,6470823,yes,1
Riot Grrrl,1,2,6176234,no,0
Riot Ten,2,2,7269823,no,0
RoVa,2,2,7324396,no,0
Rob Cantor,2,2,4848823,no,0
Robbie Williams,2,2,6956550,no,0
Rockell,2,2,7232172,no,0
"Rod Janois, Jean‐Pierre Pilot, Olivier Schultheis, William Rousseau, Dove Attia & Vincent Baguian",1,2,7025178,no,0
Rod Stewart,2,2,10083716,no,0
"Rodney O, Joe Cooley",2,2,7452036,no,0
Roland Pöntinen,2,2,8420013,no,0
Rorganic,2,2,7448630,no,0
Rose for Bohdan,1,2,4387287,no,0
Rotting Christ,2,2,10414850,no,0
Roy Ayers,2,2,7970536,no,0
Roy Brown,2,2,5362465,no,0
Royal & the Serpent,2,2,4634888,no,0
Rudy,2,2,3661641,no,0
Rui Veloso,2,2,8377790,no,0
"Run Tings, Liftin' Spirits",1,2,12072931,no,0
Rusty Cage,2,2,5259822,no,0
Ruth B_,2,2,7944112,no,0
Ryan Caraveo,2,2,6717347,no,0
RÜFÜS DU SOL,2,2,8178777,no,0
Róisín Murphy,2,2,6539153,no,0
"Röyksopp, Jamie Irrepressible",2,2,7703678,no,0
SADSACK,1,2,64835194,no,0
SAWTOWNE,2,2,6700339,no,0
SEVENTEEN,2,2,7080912,no,0
"SMG, PVC",1,2,7205461,no,0
STARR,1,2,5318579,no,0
SVNEATR,2,2,9739011,no,0
Sable,2,2,4510746,no,0
Safri Duo,2,2,8912922,no,0
Saint Mesa,2,2,5959435,no,0
Saliva,2,2,7317619,no,0
Sam & Dave,2,2,4903058,no,0
Sam.Sts,2,2,5951993,no,0
Sammath Naur,1,2,9633395,no,0
Samsa,2,2,6264120,no,0
Santigold,2,2,8046837,no,0
Sara Bareilles,2,2,7402247,no,0
Sara Kays,2,2,5095699,no,0
Sarah Meth,2,2,3300600,no,0
Saturna,1,2,5808612,no,0
Satyricon,2,2,11278789,no,0
Savage Ga$p,2,2,5442874,no,0
Scourge666,2,2,13011228,no,0
Scowl,2,2,2856852,no,0
Scratch21,2,2,7895920,no,0
Screamin' Jay Hawkins,2,2,3571765,no,0
Screaming Females,1,2,6659081,no,0
Scrim,1,2,5279028,no,0
Scythe Gang 666,2,2,2969451,no,0
Sea in the Sky,1,2,8372262,no,0
Seafood Sam,2,2,6688528,no,0
Seafret,2,2,6923969,no,0
"Sean Hall,Matt Turkington",1,2,7350260,no,0
Sergei Babayan,2,2,5823185,no,0
Sergio Díaz De Rojas,2,2,5688404,no,0
Sex Pistols,2,2,5725587,no,0
Sex Prisoner,1,2,3327748,no,0
"Sex Prisoner, Harm Done",1,2,4081631,no,0
Sextile,1,2,5502675,no,0
Shadrow,2,2,5963620,no,0
Shanin Blake,2,2,7634944,no,0
Shawn James,2,2,6803278,no,0
Shawn Mendes,2,2,6038377,no,0
"Shawn Mendes, ZEDD",2,2,9685759,no,0
Shayfer James,2,2,6800673,no,0
SheedTs,2,2,5044893,no,0
Shhadows,1,2,6994116,no,0
"Shou, Whimsical, Idyllic",2,2,4141793,no,0
Show Me the Body,2,2,6320648,no,0
Shurk,2,2,7773590,no,0
"Shwayze, Wiz Khalifa",1,2,4875226,no,0
"Sidewalks and Skeletons, Dollcore",1,2,6062313,no,0
Sigma,2,2,5741107,no,0
Silent Descent,2,2,9390677,no,0
Simply Red,2,2,9564305,no,0
Sisyfuss,2,2,6352253,no,0
Skaiwater,2,2,5327115,no,0
Ski Mask the Slump God,2,2,5241175,no,0
Skid Row,2,2,6882580,no,0
Skorn3896,2,2,4739204,no,0
Sky McCreery,2,2,3942680,no,0
Slipz,2,2,7697828,no,0
Smallpools,1,2,6143350,no,0
"Smallz One, Scum",1,2,5454270,no,0
Smd,1,2,9189253,no,0
Smokey Robinson,2,2,7935345,no,0
Smokey Robinson & The Miracles,2,2,4667051,no,0
Snapped Ankles,2,2,7726876,no,0
Sneaker Pimps,1,2,6535912,no,0
Snoop Dogg,2,2,7325508,no,0
Soda Stereo,1,2,9349951,no,0
Softa,2,2,3875054,no,0
"Softhead, Nothing Less, mëow mëow",2,2,2680089,no,0
"Sol Invicto, Cypress Hill, Sikth",2,2,7852325,no,0
Solar Temple,1,2,33505966,no,0
Somnambulist,1,2,8245981,no,0
"SonReal, Prof",1,2,5695142,no,0
Sophisticated Bad Boyz,1,2,11800424,no,0
Sorority Noise,2,2,5320579,no,0
Sorrow,2,2,8787415,no,0
Sorsari,2,2,8844712,no,0
Sound Station,1,2,11095266,no,0
Spacemen 3,1,2,12881099,no,0
Spectre Horsemen Pale With Dust,2,2,11623505,no,0
Speedometer,1,2,5955925,no,0
Sponge,1,2,10181322,no,0
SpongeBob SquarePants,1,2,1898523,no,0
Spookyghostboy,1,2,6308995,no,0
"Squnto, Code_ Pandorum",2,2,8346605,no,0
"Srav3R, DJ Myosuke",1,2,4244909,no,0
StarBoi3,2,2,5299866,no,0
Static Starlight,1,2,7995131,no,0
Static Substance,1,2,9587174,no,0
Stephan Moccio,2,2,7116566,no,0
Stevie B_,1,2,8843751,no,0
Stevie Nicks,2,2,10237579,no,0
Sting,2,2,8128185,no,0
Storm Weather Shanty Choir,1,2,5914483,no,0
Strawberry Guy,2,2,6805961,no,0
Stray From The Path,2,2,5424582,no,0
Street Fever,2,2,8556320,no,0
Stupid Cosmonaut __ Boobs of DOOM,1,2,41145247,no,0
Styx,2,2,9177785,no,0
Sub Urban,2,2,6305776,no,0
Subcriminal,2,2,8478772,no,0
"Subject 31, Aweminus",1,2,9151281,no,0
Subnation,1,2,11362972,no,0
Suga7,2,2,8346266,no,0
Sully,2,2,8443979,no,0
"Summer Walker, SZA, Cardi B",1,2,8732406,no,0
Sunlight Defect,1,2,7794327,no,0
Superbus,2,2,6966696,no,0
Sushi Soucy,2,2,3837844,no,0
"Sustance, Flowdan",2,2,7202381,no,0
Swart,2,2,10516282,no,0
Swedish House Mafia,2,2,6686891,no,0
Sweet,1,2,7127149,no,0
Swindle,1,2,6498335,no,0
Sybyr,2,2,4430339,no,0
Syndrone,1,2,10947351,no,0
Synoid,2,2,6949328,no,0
Syran,2,2,9002755,no,0
T-Lex,1,2,8269589,no,0
T78,2,2,11260186,no,0
TC,2,2,8332887,no,0
TEKNO CITY,1,2,11720838,no,0
THUMPER,1,2,80843594,no,0
"TNT, Technoboy, Tuneboy",2,2,6174258,no,0
TOKYO'S REVENGE,2,2,3827060,no,0
"TREASVRE, Combichrist, Icon Of Coil",1,2,8611448,no,0
"TURNO, Kanine",2,2,7091050,no,0
Tactical Sekt,1,2,11365456,no,0
Tai Verdes,2,2,5394289,no,0
Tessa Violet,1,2,6259024,no,0
The 4AM New York Experiment,2,2,10296562,no,0
The Allman Brothers Band,2,2,9122757,yes,6
"The B. B., Q. Band",2,2,10929875,no,0
The Band,2,2,7567666,no,0
The Band Perry,2,2,6520583,no,0
The Bangles,2,2,5906671,no,0
The Beat,2,2,6307538,no,0
The Bee Gees,1,2,8181545,no,0
The Belles,1,2,3937203,no,0
The Black Eyed Peas,2,2,9665120,no,0
The Braindrillerz,2,2,4110781,yes,1
The Bucketheads,2,2,5038017,no,0
The Butchies,1,2,6971803,no,0
The Buttertones,1,2,5336885,no,0
The Cardigans,2,2,6683687,no,0
The Cheetah Girls,1,2,6882976,no,0
The Chemical Brothers,2,2,8064469,no,0
The Clamps,2,2,11045156,no,0
The Coasters,2,2,4079780,no,0
The DREAM TEAM,1,2,10425996,no,0
The Dead Weather,1,2,7061169,no,0
The Degenerettes,1,2,4599989,no,0
The Eagles,2,2,9464996,no,0
The Enigma Tng,2,2,12428784,no,0
The Flytraps,1,2,4351582,no,0
"The Forgotten, Extra Terra, MAGNAVOLT",2,2,5332120,no,0
The Fray,2,2,7715382,no,0
The Frights,2,2,5375200,no,0
The Ganja Kru,1,2,11517453,no,0
The Greeting Committee,1,2,6738643,no,0
The Head And The Heart,2,2,7089385,no,0
"The Honeysticks, Ricky Montgomery, Caleb Hurst",2,2,8173519,no,0
The Hoosiers,1,2,7094180,no,0
The Howling Hex,1,2,41130277,no,0
The Hush Sound,1,2,5417867,no,0
The Irish Brigade,1,2,7779822,no,0
The Irish Rovers,2,2,4977453,no,0
The Isley Brothers,2,2,6022160,no,0
The Jackson 5,2,2,5657752,no,0
The Jam,2,2,5397000,no,0
The Kingsmen,2,2,4637602,no,0
The Lonely Island,2,2,5062062,no,0
The Lumineers,1,2,5669521,no,0
The Maine,2,2,6545318,no,0
The Marcus Hedges Trend Orchestra,2,2,3724289,no,0
The Meteors,2,2,7537451,no,0
The Monkees,2,2,5129097,no,0
The Mount Fuji Doomjazz Corporation,2,2,19928830,no,0
The Northern Boys,2,2,6277509,no,0
The OBGMs,1,2,4506458,no,0
The Orchestra of Mirrored Reflections,2,2,14987060,no,0
The Orion Experience,1,2,5970389,no,0
The Penguins,2,2,4480478,no,0
The Pigeon Detectives,1,2,5027089,no,0
The Plague,2,2,7364590,no,0
The Proclaimers,1,2,6824857,no,0
The Psychedelic Furs,2,2,6929999,no,0
The Raveonettes,2,2,4983973,no,0
The Relentless,2,2,6555517,no,0
The Replacements,2,2,6103150,no,0
The Revivalists,2,2,8378234,no,0
The Rezillos,1,2,4866572,no,0
The Righteous Brothers,2,2,7111065,no,0
The Ronettes,2,2,4336635,no,0
The Script,2,2,7103953,no,0
The Shangri-Las,1,2,4206491,no,0
The Shirelles,1,2,4376312,no,0
The Soviettes,1,2,4499402,no,0
The Specials,2,2,6028975,no,0
The Staple Singers,2,2,7550233,no,0
The Stooges,2,2,6184456,no,0
The Stupendium,2,2,9018179,no,0
The Technicolors,2,2,7770167,no,0
The Terrys,2,2,5585462,no,0
The Verve,2,2,11189028,no,0
The Wanted,1,2,6141880,no,0
TheARTI$t,2,2,4780683,no,0
Theory Of A Deadman,2,2,7057456,no,0
Theory of a Deadman,2,2,7648079,no,0
Throwing Muses,2,2,6375020,no,0
Tides From Nebula,2,2,8782035,no,0
Tim McGraw,2,2,8337938,no,0
Timecry,1,2,5857380,no,0
Tina Turner,2,2,10219107,no,0
Titans Fall Harder,1,2,8913132,no,0
Titus Andronicus,1,2,5095214,no,0
Toby Keith,2,2,6716083,no,0
Todrick Hall,2,2,6314927,no,0
Tom Browne,2,2,8705196,no,0
Tom Lehrer,2,2,5208070,no,0
Tom Misch,2,2,9718728,no,0
Tom Odell,2,2,7440457,no,0
Tom Petty,2,2,7890298,no,0
Tom Tom Club,2,2,11932630,no,0
Tomato Flower,2,2,4712884,no,0
Tommy Richman,2,2,5366626,no,0
Toploader,1,2,6663201,no,0
Tori Amos,2,2,7861439,no,0
Total Science,1,2,13732584,no,0
Townes Van Zandt,2,2,4632496,no,0
Toxic Grind Machine,1,2,10023908,no,0
Tree Adams,2,2,6158204,no,0
Trenton,1,2,5300837,no,0
Trevor Something,2,2,7765684,no,0
Trinist,2,2,6938696,no,0
Trioscapes,1,2,10358009,no,0
Trollphace,1,2,6544423,no,0
Trym,1,2,10451783,no,0
TsuShiMaMiRe,1,2,7577258,no,0
Twilight Fauna,1,2,25761849,no,0
Two Door Cinema Club,1,2,5488949,no,0
Two Feet,2,2,5069378,no,0
Tzafu,2,2,7384516,no,0
U2 and Green Day,1,2,6727270,no,0
UPSAHL,2,2,4949143,no,0
Ultar,1,2,14339228,no,0
"Ummet Ozcan, War",2,2,5711744,no,0
Underoath,2,2,7969672,no,0
Unmother,1,2,10673075,no,0
Unprocessed,2,2,6594058,no,0
Ushangvagush,1,2,11123851,no,0
"VELVETEARS, eli filosov [ p h i l o ]",1,2,4579001,no,0
VESSELS,1,2,12031478,no,0
VVN,2,2,10069575,no,0
Vacant,2,2,7730776,no,0
Vacations,2,2,6545805,no,0
Vagabond Opera,2,2,9397020,no,0
Vakhtang,2,2,7214069,no,0
Valve Studio Orchestra,1,2,1647554,no,0
Vanessa Hudgens,2,2,6283437,no,0
"Vaughan Mason, Butch Dayo",1,2,10890369,no,0
Venjent,2,2,6543742,no,0
Vernon Jane,2,2,6750422,no,0
Vicci Martinez,1,2,6767282,no,0
Victor Love,1,2,8482421,no,0
Victorious Cast,1,2,6645079,no,0
Village People,2,2,9561601,no,0
Violator,2,2,7545277,no,0
Viper Diva,1,2,11503265,no,0
Vishnu Basement,1,2,14095330,no,0
"Void Crawler, Biohazard",2,2,6050468,no,0
"Voltaire, Aurelio Voltaire",1,2,7097557,no,0
Vreid,2,2,8328815,no,0
"WA-FU, Alpha Rosa",2,2,7510577,no,0
WALK THE MOON,2,2,8359365,no,0
WHITE KATANA,2,2,5742916,no,0
Wabie,2,2,5661797,no,0
"Waeys, SOLAH, Azotix",1,2,8279131,no,0
Wanda Jackson,2,2,5711564,no,0
Wang Chung,2,2,7905497,no,0
Warlord Colossus,2,2,4370526,no,0
Warrant,2,2,6859473,no,0
Water Spirit,2,2,5845921,no,0
We The Kings,2,2,6641844,no,0
Weird Al Yankovic,2,2,6739433,no,0
Wham!,2,2,8285397,no,0
Wheatus,2,2,7870289,no,0
White Lung,1,2,3567974,no,0
White Reaper,2,2,7154939,no,0
Will Smith,2,2,6663606,no,0
Wiseguys,2,2,8654740,no,0
"Wiz Khalifa, Ty Dolla $ign, Sueco, Lil Yachty",2,2,6635774,no,0
Wndrlst,2,2,10042535,no,0
Woe Is Me,2,2,6778849,no,0
Wolf Alice,2,2,4365241,no,0
Wynne,2,2,5203632,no,0
XRTN,2,2,9950395,no,0
XYLØ,2,2,6500754,no,0
XZARKHAN,2,2,3356470,no,0
Xeno & Oaklander,2,2,7632091,no,0
Xenophobia,1,2,8548593,no,0
Xibalba,2,2,5290679,no,0
Xico Picadinho,1,2,5461703,no,0
Xëna,2,2,4279305,no,0
YAHVI,2,2,4980293,no,0
YHWH Nailgun,2,2,4913071,no,0
YTD,2,2,4701540,no,0
Yeah Yeah Yeahs,1,2,5696377,no,0
Yedgar,2,2,6690429,no,0
Yellowtael,2,2,7733452,no,0
Ygnor,2,2,9510322,no,0
Ying Yang Twins,2,2,7023206,no,0
"Yo Speed, Mutantbreakz",2,2,10943387,no,0
Yosasa,2,2,4242777,no,0
Young Rising Sons,2,2,4945925,no,0
"Young-Ken, Tiger, First Blood",1,2,5276885,no,0
"YoungJakeyy, Denver UK",2,2,6249131,no,0
"Yppah, Little People",1,2,9478213,no,0
YungDrop,2,2,5454641,no,0
Yuumu,2,2,4079213,no,0
"Z-Y, Flipper",2,2,3762285,no,0
ZACKEY FORCE FUNK,2,2,6965726,no,0
"ZEDD, AI",2,2,4781401,no,0
"ZEDD, C&K",2,2,6620252,no,0
"ZEDD, Kehlani",2,2,10161929,no,0
"ZEDD, Liam Payne",2,2,10288054,no,0
Zach Bryan,2,2,5312584,no,0
"Zapya, Mad Sam",2,2,5980240,no,0
Zeal & Ardor,1,2,6531999,no,0
Zeds Dead,2,2,7913894,no,0
Zella Day,2,2,7236917,no,0
Zero to One,2,2,6955086,no,0
Zombie Cats,2,2,9442291,no,0
[KRTM],1,2,9935343,no,0
akiaura,2,2,5105067,no,0
"akiaura, Olya Holiday",2,2,4121962,no,0
"banzai, Indigo MC",1,2,7815406,no,0
barnacle boi,2,2,6764946,no,0
biosphere,2,2,4892042,no,0
boy pablo,2,2,6208033,no,0
crêpe girl,2,2,4861734,no,0
d,1,2,7506864,no,0
dreamcastmoe,2,2,8605775,no,0
elegant slims,2,2,6665509,no,0
food house,1,2,6501799,no,0
half·alive,1,2,5884157,no,0
"her.story, Eiji, Dreams For Two",2,2,2944633,no,0
horsegiirL,2,2,4013443,no,0
hxxxd,2,2,4401446,no,0
imy2,2,2,8371902,no,0
jO,1,2,10134622,no,0
k_d,2,2,7614472,no,0
kenzie ft. Sia,2,2,5111652,no,0
kim dracula,2,2,5378051,no,0
kira,1,2,6711291,no,0
"kors k, Yuta Imai",2,2,6080807,no,0
lil aaron,1,2,4413335,no,0
mykey,2,2,6859121,no,0
mynameisntjmack,2,2,4953972,no,0
"mëow mëow, Flôr, Softhead",2,2,2971580,no,0
oOoOO,1,2,7098355,no,0
of Montreal,2,2,8663611,no,0
okaywill,2,2,7155499,no,0
orbital voices,2,2,5041688,no,0
pascal,2,2,12206103,no,0
renforshort,2,2,5859826,no,0
robert elovsson,1,2,6185571,no,0
shxpe,2,2,4989600,no,0
slave,2,2,10395736,no,0
soft talon,2,2,9186234,no,0
the peggies,2,2,8260007,no,0
tobi lou,2,2,6059179,no,0
will.i.am,2,2,8862939,no,0
xander_,2,2,5721596,no,0
µ-ziq,1,2,7967928,no,0
"Ängie, Tail Whip",2,2,6622077,no,0
Ólafur Arnalds,2,2,6348445,no,0
ØTTA,1,2,10826156,no,0
コナミ矩形波倶楽部,1,2,4087107,no,0
コンビクライスト,1,2,8032780,no,0
루카스,2,2,3260277,no,0
$aynt Mi$fit,1,1,1684998,yes,13
$tABBY RIP $TAB $TAB,1,1,2852452,no,0
"$ubjectz, GCSY, Cameron Azi",1,1,2463073,no,0
"(hed) p.e., Kottonmouth Kings, Tech N9ne",1,1,4670613,no,0
+44,1,1,3008083,no,0
0%Mercury,1,1,1650145,no,0
"03 Greedo, Wiz Khalifa",1,1,3731052,no,0
1 Trait Danger,1,1,1851203,no,0
1000mods,1,1,3497557,no,0
10LEC6,1,1,2015775,no,0
11 Acorn Lane,1,1,3107431,no,0
12th Planet,1,1,3291761,no,0
13,1,1,2428400,no,0
1349,1,1,3877142,no,0
15.,1,1,3654278,no,0
1648,1,1,5851400,no,0
1788-L,1,1,2993885,no,0
"1788-L, Blanke",1,1,3595411,no,0
1991,1,1,3210152,no,0
1nonly,1,1,2221137,no,0
2 Croozin',1,1,4946815,no,0
2 Live Jews,1,1,2125992,no,0
21 Lil Harold,1,1,1917745,no,0
24kGoldn,1,1,1737525,no,0
2Cellos,1,1,3669380,no,0
2NE1,1,1,3267086,no,0
2PM,1,1,2692690,no,0
"2Scratch, Swisha T",1,1,3010484,no,0
2Sdxrt3all,1,1,2342486,no,0
3 Years Hollow,1,1,2767564,no,0
311,1,1,5397459,no,0
340ml,1,1,3448286,no,0
347aidan,1,1,2713980,no,0
3L3D3P,1,1,2231763,no,0
3TEETH,1,1,4425576,no,0
"3TEETH, Mick Gordon, Ho99o9",1,1,3662353,no,0
"3TEETH,HO99O9",1,1,3925426,no,0
3rd Machine,1,1,4541822,no,0
4 Hero,1,1,4253935,no,0
408,1,1,2938879,no,0
420 Unlovable,1,1,2477278,no,0
"45AM, matt weix",1,1,2759506,no,0
"4B, Flosstradamus",1,1,2296530,no,0
4K,1,1,2801324,no,0
"4K, Conni",1,1,2398197,no,0
4batz,1,1,1777692,no,0
5'NIZZA,1,1,4598705,no,0
50 Cent,1,1,3236522,no,0
5l33p,1,1,1711574,no,0
6arelyhuman & horrormovies,1,1,2121940,no,0
6roke 6oy Six,1,1,2353949,no,0
"7 Days Of Funk, Dâm-Funk, Snoop Dogg",1,1,3851146,no,0
7age,1,1,3875278,no,0
7th Floor Freeze,1,1,2290721,no,0
808 State,1,1,4769984,no,0
"83hades, Okaminokami",1,1,2701707,no,0
"83hades, UNOFROMPLUTO",1,1,1614396,no,0
"88rising, DJ Snake",1,1,3200427,no,0
8D Tunes,1,1,2700172,no,0
90sFlav,1,1,1950428,no,0
A Boy and His Kite,1,1,4264233,no,0
A Feast for Lampreys,1,1,4708258,no,0
A Secret Revealed,1,1,5857156,no,0
A Taste Of Honey,1,1,5239850,no,0
"A Thief, A Terrorist, And A Lunatic",1,1,6010446,no,0
A Wilhelm Scream,1,1,2740221,no,0
A$AP Ferg,1,1,3482295,no,0
A$AP Rocky,1,1,3814974,no,0
A-Cray,1,1,4413042,no,0
A-Trak,1,1,4863183,no,0
"A. G. Cook, Charli xcx",1,1,2223791,no,0
A.2.Z,1,1,3643132,no,0
"A.M.C, Teddy Killerz",1,1,3002867,no,0
"A.R. The Mermaid, OMB Peezy",1,1,2244924,no,0
A.Way,1,1,4576366,no,0
A1RL1FT,1,1,3441891,no,0
"ABSRDST, Diveo",1,1,3777835,no,0
ABU NEIN,1,1,3350813,no,0
"ACOT, Mom and the Mailman",1,1,1718602,no,0
AFTER – AOTER,1,1,3223131,no,0
AG,1,1,3597278,no,0
AIRBOURNE,1,1,3212806,no,0
AJ Mitchell,1,1,3491572,no,0
AKIAL,1,1,3611031,no,0
AKINYEMI,1,1,2630331,no,0
AL-90,1,1,4118783,no,0
ALL VERB,1,1,2321217,no,0
ALT BLK ERA,1,1,2780788,no,0
ANGELHEX,1,1,2758583,no,0
"APE, William Singe",1,1,2811432,no,0
APHØTIC,1,1,5293133,no,0
APOLLONIA 6,1,1,7390849,no,0
ARCHVILLAINN,1,1,1763844,no,0
ARENCI,1,1,2000568,no,0
"ARIES, T_I, Unkut",1,1,5325440,no,0
ARKOS,1,1,5452465,no,0
ARMNHMR,1,1,3562673,no,0
ARTY,1,1,3152999,no,0
AS IT IS,1,1,3368920,no,0
ASIAN KUNG-FU GENERATION,1,1,3556776,no,0
ASTR,1,1,2909216,no,0
ATARASHII GAKKO!,1,1,2940568,no,0
ATB,1,1,5215259,no,0
ATMOSPHRS,1,1,4678623,no,0
AURAS,1,1,4029001,no,0
AURORA,1,1,3925486,no,0
"AVELLO, Madeline Austin",1,1,2986507,no,0
"AViVA, Enter Shikari",1,1,3484514,no,0
AXMO feat. Benni Hunnit,1,1,3173415,no,0
AZDAT,1,1,5235682,no,0
AZEDIA,1,1,3858947,no,0
A_Grade,1,1,3911732,no,0
Aaron Neville,1,1,2831107,no,0
Aaron Parks,1,1,2958961,no,0
Abad,1,1,3497054,no,0
Abaddon Incarnate,1,1,1946116,no,0
Abba,1,1,3523396,no,0
Abbath,1,1,3938030,no,0
Abby Sage,1,1,2516503,no,0
Abigail Osborn,1,1,2122905,no,0
Abingdon Boys School,1,1,4233413,no,0
Abiogenesis,1,1,5116229,no,0
"Abis, Synergy, Buunshin, Signal",1,1,5402564,no,0
Abraham & The Metronomes,1,1,1554822,no,0
Absinth3,1,1,3280031,no,0
"Absolute Zero, Subphonics",1,1,6423049,no,0
Absu_NTQL,1,1,3892257,no,0
Abyss X,1,1,4001855,no,0
"Abyssmare, DJ Myosuke",1,1,2007734,no,0
Acid Burn,1,1,4581749,no,0
Acidgvrl,1,1,2474906,no,0
"Acidus, MXGN",1,1,4996915,no,0
Act of Denial,1,1,3902137,no,0
Action_Adventure,1,1,916136,no,0
Active Child,1,1,5196412,no,0
Actors,1,1,2998844,no,0
"Acuna, MC Spyda",1,1,4137572,no,0
Acylum,1,1,4289011,no,0
Adam and the Ants,1,1,3708318,no,0
Adams Avenue,1,1,2064189,no,0
Adestria,1,1,3817782,no,0
Adickdid,1,1,3202488,no,0
Adoniran Barbosa,1,1,2548946,no,0
Adroa,1,1,4359407,no,0
Adult Mom,1,1,3125683,no,0
Aerial Ruin,1,1,5057089,no,0
"Aesthetic Kid, Vacant",1,1,3349110,no,0
Aether Realm,1,1,18006157,no,0
Afrika Bambaataa,1,1,6604001,no,0
Afrika Bambaataa & The Soul Sonic Force,1,1,5062866,no,0
"Afrika Bambaataa, The Soulsonic Force",1,1,4967181,no,0
"Afrojack, Brohug, TITUS",1,1,3421324,no,0
Afronta,1,1,1470928,no,0
Afterglow,1,1,3826341,no,0
Aftertheparty,1,1,3844357,no,0
Agathocles,1,1,692739,no,0
Age Of Love,1,1,7755587,no,0
"Age Of Love, KYØN, Vlinder Vos",1,1,2493925,no,0
Aglory,1,1,4528672,no,0
Agrimonia,1,1,8608209,no,0
Ahmad Anonimis,1,1,3213874,no,0
"Ahmad Anonimis, Powers Pleasant",1,1,2122621,no,0
Aiden,1,1,3263331,no,0
Aimee Fleur,1,1,2528564,no,0
Aimi Kobayashi,1,1,9470218,no,0
Air Traffic Controller,1,1,2544637,no,0
Airmann,1,1,3983489,no,0
Airod,1,1,5851802,no,0
Airospace,1,1,2386460,no,0
Airsh4d3,1,1,3039237,no,0
Aitch,1,1,2838197,no,0
Akano,1,1,1387983,no,0
Akhenaton,1,1,3241870,no,0
"Akira Yamaoka, Raj Ramayya",1,1,4568087,no,0
"Akira Yamaoka, Sleepnaz",1,1,1980695,no,0
Akloleh,1,1,8813952,no,0
Al B. Sure!,1,1,3576853,no,0
Al Fowler Trio,1,1,4351257,no,0
Alaina Castillo,1,1,2725555,no,0
Alaina Ray,1,1,3151178,no,0
"Alan Menken, Hercules - Cast, Disney",1,1,2281916,no,0
"Alan Menken, The Little Mermaid - Cast, Disney",1,1,3049189,no,0
Alan Silvestri,1,1,3253849,no,0
"Alan Walker, Gavin James",1,1,3747890,no,0
"Alan Zachary, Michael Weiner",1,1,3317198,no,0
Alannah Myles,1,1,4418859,no,0
"Albzzy, KDYN",1,1,3457528,no,0
"Albzzy, SK",1,1,3167351,no,0
Alec Empire,1,1,3818297,no,0
Alec King,1,1,2339648,no,0
Alejandro Sanz,1,1,4237797,no,0
Alemeda,1,1,2635188,no,0
Alessandro Cortini,1,1,7774572,no,0
Alessandro Simonetto,1,1,3118509,no,0
Alesso Feat. TINI,1,1,2655260,no,0
Alex Ernst,1,1,2593313,no,0
Alex Lloyd,1,1,2984193,no,0
Alex M.O.R.P.H_,1,1,6739584,no,0
Alex Reece,1,1,5270267,no,0
Alex Sensation,1,1,3724232,no,0
Alex Vile,1,1,3005838,no,0
Alexander 23,1,1,2642773,no,0
Alexander O'Neal,1,1,4816186,no,0
Alexander Robotnick,1,1,7282148,no,0
Alexander Rybak,1,1,2847074,no,0
Alexandra Stan,1,1,3002495,no,0
Alexandre Laporte,1,1,3355594,no,0
Alexej Gorlatch,1,1,6433416,no,0
Alexis Munroe,1,1,3013418,no,0
Alexx Calise,1,1,2987594,no,0
Alfie Gold,1,1,5324906,no,0
Alfie Templeman,1,1,3875902,no,0
Alfred Brendel,1,1,6523407,no,0
"Alfred Brendel, Wiener Philharmoniker, Sir Simon Rattle",1,1,7972743,no,0
Alfred Reed,1,1,10792699,no,0
Ali Farka Toure,1,1,6620977,no,0
Alice Gas,1,1,3092629,no,0
"Alice Longyu Gao, Alice Glass",1,1,2423193,no,0
Alice Merton,1,1,3658961,no,0
Alice Sara Ott,1,1,5038768,no,0
"Alice Sara Ott, Symphonieorchester des Bayerischen Rundfunks, Esa-Pekka Salonen",1,1,6281337,no,0
Alicia Creti,1,1,2911414,no,0
"Alien Ant Farm, Highrise",1,1,3812866,no,0
Alien She,1,1,2428241,no,0
"Alith Berndarn, Deja Blu",1,1,3022975,no,0
Alix Perez,1,1,3942505,no,0
"Alix Perez, Halogenix",1,1,4362666,no,0
"Alix Perez, Monty",1,1,4643704,no,0
"Alix Perez, Sabre",1,1,6678366,no,0
All Dogs,1,1,2369461,no,0
All Good Funk Alliance,1,1,5719883,no,0
All Good Things,1,1,4248629,no,0
All Shall Perish,1,1,3476287,no,0
All That Remains,1,1,4315203,no,0
Allah-Las,1,1,4394927,no,0
Alli Walker,1,1,2804116,no,0
"Allie X, Sidewalks and Skeletons",1,1,3582687,no,0
"Allie X, Vestron Vulture",1,1,2746344,no,0
Allison Iraheta,1,1,2992288,no,0
Allsiah,1,1,13952940,no,0
Allstar Weekend,1,1,3184150,no,0
"Almasi, Aj Rebollo, Issues",1,1,3268278,no,0
Alms,1,1,6670227,no,0
Alok & Jess Glynne,1,1,2404700,no,0
"Alok, Bhaskar",1,1,2971270,no,0
"Alok, Dynoro",1,1,2282050,no,0
"Alok, Ella Eyre, Kenny “Dope” Gonzalez & Never Dull",1,1,2825756,no,0
"Alok, Zeeba, Bruno Martini",1,1,3060027,no,0
Aloma Steele,1,1,2843077,no,0
Alpha Wave Movement,1,1,6891602,no,0
AlphaLab,1,1,94439494,no,0
Alt Bloom,1,1,2681070,no,0
Alter_Ego,1,1,3303136,no,0
Alteri,1,1,3374695,no,0
Altern 8,1,1,4903236,no,0
Alvarius B,1,1,2522351,no,0
Aly & AJ,1,1,3428056,no,0
Ama Louise,1,1,3426601,no,0
Amadou & Mariam,1,1,3056214,no,0
Amaeya,1,1,2684402,no,0
Amanda Fagan,1,1,3834062,no,0
Amanda Palmer,1,1,2574326,no,0
Amanda Reifer,1,1,1104145,no,0
Ambassador21,1,1,4870017,no,0
Ambyion,1,1,4007514,no,0
Ameer Vann,1,1,3010847,no,0
Amelia Arsenic,1,1,3595359,no,0
Amenazzy,1,1,3438699,no,0
"Amenazzy, Wiz Khalifa, Myke Towers",1,1,3112117,no,0
America,1,1,3930815,no,0
American Hi-Fi,1,1,2828810,no,0
"American Pleasure Club, Teen Suicide",1,1,3743318,no,0
Amiee Mann,1,1,4077703,no,0
Amos Milburn,1,1,1956917,no,0
"Amplify, Devilman, Majistrate",1,1,4100932,no,0
"Amplify, G DUB, Eksman",1,1,4931090,no,0
"Amplify, Master Error",1,1,4209367,no,0
"Amplify, P Money",1,1,2345458,no,0
"Amplify, Pengo, MC Skibadee",1,1,4103029,no,0
Amy Turk feat. Julia K,1,1,1943313,no,0
An Effigy To Extinction,1,1,1012448,no,0
Ana Torroja & Miguel Bosé,1,1,6349286,no,0
Analog,1,1,5671214,no,0
Analogue Revolution,1,1,3390453,no,0
"Anamanaguchi, Hatsune Miku",1,1,3498389,no,0
Anastasia Kristensen,1,1,4476906,no,0
Anavae,1,1,3383569,no,0
Ande Estrella,1,1,2195621,no,0
AnderSaund,1,1,4692456,no,0
Anders Miolin,1,1,6123688,no,0
Andrea Bocelli,1,1,3739444,no,0
Andrea Gibson,1,1,3988030,no,0
Andrej Bielow,1,1,2784101,no,0
Andrew Prahlow,1,1,3347776,no,0
Andrew Rayel,1,1,2917562,no,0
"Andromedik, Kanine",1,1,3013739,no,0
André Minvielle,1,1,6198402,no,0
"Andy C, Becky Hill, Disrupta",1,1,3510495,no,0
Andy Gillion,1,1,4426133,no,0
Andy Grammer,1,1,3256706,no,0
Andy M A,1,1,2831591,no,0
Anet,1,1,3638801,no,0
Angel Gregoire,1,1,3786133,no,0
"Angel Rada, El Palmas",1,1,2145570,no,0
Angel Vox,1,1,3477635,no,0
Angelfish,1,1,3413116,no,0
Angelina Winter,1,1,2449754,no,0
"Angelo Badalamenti, David Lynch",1,1,3464361,no,0
Angerfist,1,1,3694015,no,0
Angus Grove,1,1,2562803,no,0
Angèle,1,1,3594334,no,0
Animal Collective,1,1,4220875,no,0
Animations,1,1,1338502,no,0
Anita Lester,1,1,3660186,no,0
Anita Ward,1,1,7920505,no,0
Anna Clendening,1,1,3816557,no,0
Anna Nalick,1,1,4275194,no,0
"Anna Pest, Colin MacAndrew",1,1,4901230,no,0
Anna Shoemaker,1,1,3098390,no,0
Anneleen Lenaerts,1,1,2106269,no,0
"Annix, Atmos, Maze",1,1,3386404,no,0
"Annix, Chez",1,1,3640659,no,0
"Annix, Elipsa",1,1,3558010,no,0
"Annix, Kanine",1,1,2975142,no,0
"Annix, Maksim MC",1,1,3491637,no,0
"Annix, Mefjus",1,1,4124076,no,0
"Annix, Posij",1,1,3599782,no,0
"Annix, Trolley Snatcha",1,1,2637562,no,0
Anonymous Phone Call,1,1,3803110,no,0
Ante-Inferno,1,1,5167424,no,0
Anthony Amorim,1,1,3273531,no,0
Anthony B,1,1,3200323,no,0
"Anthony Vincent, Silent Knife",1,1,7168835,no,0
Antibalas,1,1,5738755,no,0
"Antigone, ØTTA, Rikhter, Mayeul",1,1,5139571,no,0
Antipole,1,1,3827790,no,0
Antoni Wit,1,1,2648899,no,0
Antonwetzy,1,1,2964597,no,0
Antsy McClain,1,1,4141932,no,0
"Anycia, Latto",1,1,2587192,no,0
Anzo,1,1,5225282,no,0
Ape Drums,1,1,3664481,no,0
Aphrodite’s Child,1,1,5953706,no,0
ApocalypticA,1,1,3402557,no,0
Apollo 440,1,1,6970321,no,0
Apollo Fresh,1,1,1657926,no,0
Apollo Noir,1,1,2382672,no,0
Appaloosa,1,1,3884799,no,0
Application,1,1,9508633,no,0
April March,1,1,2049279,no,0
Aptera,1,1,4356631,no,0
Aqualung,1,1,4047969,no,0
Aquasky,1,1,7263087,no,0
"Arael, Madi Larson",1,1,3674574,no,0
"Arael, hélix",1,1,3238536,no,0
Arandu Arakuaa,1,1,3710616,no,0
"Arash Safaian, Sebastian Knauer, Zürcher Kammerorchester",1,1,2282328,no,0
"Arc Nade, DJYOUTH",1,1,2670582,no,0
"Arc Nade, J-Wok",1,1,4534228,no,0
Arca & Sia,1,1,3431546,no,0
Arcade Fire,1,1,4134352,no,0
Arcane,1,1,1933443,no,0
Archie Bell & The Drells,1,1,2271789,no,0
Archie Cane,1,1,3992550,no,0
Architects,1,1,3747421,no,0
Arcy Drive,1,1,3345565,no,0
"Ari Afsar, Julia Harriman, Lexi Lawson, Rachelle Ann Go, Shoba Narayan",1,1,2893251,no,0
"Ariana Grande, Justin Bieber",1,1,3534776,no,0
"Ariana Grande, Social House",1,1,2890376,no,0
"Ariana Grande, Victoria Monét",1,1,2494754,no,0
Aries,1,1,2498754,no,0
Ark Patrol,1,1,3923195,no,0
Arlington,1,1,3639095,no,0
Armand Van Helden,1,1,6446823,no,0
Armand Van Helden Feat. Duane Harden,1,1,3670908,no,0
Armin van Buuren,1,1,2421193,no,0
"Armin van Buuren, Vini Vici, HILIGHT TRIBE",1,1,3392682,no,0
Army of Lovers,1,1,3505560,no,0
"Aron Van Selm, Ardie Son",1,1,3586097,no,0
"Aron Wright, Jill Andrews",1,1,2872938,no,0
Arsx,1,1,1974440,no,0
Art Sorority,1,1,3023733,no,0
Art of Simplicity,1,1,5097562,no,0
Artemas,1,1,2377237,no,0
Artful Dodger,1,1,3673375,no,0
Arthur Amity,1,1,3558623,no,0
"Artino, Augustine David",1,1,2323615,no,0
Artists United Against Apartheid,1,1,6643034,no,0
Asbest,1,1,3372833,no,0
Ash Bricky,1,1,3020432,no,0
Ashbreather,1,1,3601684,no,0
Ashe,1,1,3068780,no,0
Ashita,1,1,5158291,no,0
Ashley O,1,1,2586552,no,0
Ashnikko feat. 初音ミク,1,1,2947300,no,0
Assimilate,1,1,4542539,no,0
Asthma Castle,1,1,4688127,no,0
Astral Projection,1,1,8568167,no,0
Aswad,1,1,5123477,no,0
Asylum,1,1,4416631,no,0
At the Drive-In,1,1,4114590,no,0
Athenrye,1,1,3369361,no,0
Atlantic,1,1,8351955,no,0
Atlas,1,1,2325556,no,0
Atlast,1,1,3225430,no,0
"Atmos, Jakes",1,1,4088430,no,0
"Atmos, Robitos",1,1,2052732,no,0
AtomTM,1,1,4444404,no,0
Atticus Walker,1,1,2336466,no,0
Attrition,1,1,4115908,no,0
Atwood,1,1,2638936,no,0
Au Pairs,1,1,2673800,no,0
Au_Ra,1,1,3738301,no,0
Aubzagl,1,1,3583940,no,0
Audiomission,1,1,4201969,no,0
August Burns Red,1,1,3543745,no,0
Augustus Muller,1,1,3755217,no,0
Auld,1,1,4889364,no,0
Aural Imbalance,1,1,7795998,no,0
Aurora Ortus,1,1,5971073,no,0
Austin Brown,1,1,3237157,no,0
Austin Weber,1,1,3112929,no,0
Autarch,1,1,7396568,no,0
Autodidakt,1,1,3707200,no,0
Autumn People,1,1,40691218,no,0
Aux Animaux,1,1,3359271,no,0
Auxxk,1,1,2786887,no,0
Ava Beathard,1,1,3063564,no,0
Ava Louise,1,1,2092544,no,0
Ava Margo,1,1,4661322,no,0
Avast,1,1,8384787,no,0
Aventura,1,1,3533142,no,0
Avenue Beat,1,1,2767890,no,0
Aversions Crown,1,1,4713250,no,0
Avi Kaplan,1,1,4015842,no,0
Aviana,1,1,4255873,no,0
Avicii vs. Conrad Sewell,1,1,3079038,no,0
"Aviina, Dan Oz",1,1,3493460,no,0
Ax and the Hatchetmen,1,1,3790572,no,0
AxH,1,1,4289972,no,0
Axegrinder,1,1,3638058,no,0
Axel Gillison,1,1,4928971,no,0
Axwell __ Ingrosso,1,1,3201612,no,0
"Axwell, Sebastian Ingrosso, Steve Angello, Laidback Luke",1,1,2547054,no,0
Aya Nakamura,1,1,3370386,no,0
Aykut Bilir,1,1,6833743,no,0
Ayokay,1,1,3243240,no,0
Azealia Banks,1,1,2416485,no,0
Aziya,1,1,2968483,no,0
Aztra,1,1,5367149,no,0
Azul Turquesa,1,1,5680094,no,0
Azzido Da Bass,1,1,3407812,no,0
Aïoli,1,1,4872851,no,0
Aöme,1,1,3207405,no,0
B-Train,1,1,2157315,no,0
B.B. King,1,1,5113849,no,0
"B.Jammin, Jumpz",1,1,4762791,no,0
"B.O.M, Fernquest",1,1,3068585,no,0
BABYMETAL × Electric Callboy,1,1,3531168,no,0
BAELY,1,1,3828657,no,0
BAKGROUND,1,1,4049494,no,0
BAND-MAID,1,1,3601011,no,0
BANNERS,1,1,3530407,no,0
BAiKA,1,1,2037382,no,0
"BCM, Dj Noriken",1,1,4168730,no,0
BEHEĀDER,1,1,5224862,no,0
BELIIAL,1,1,2471692,no,0
BIOHZRD,1,1,3349728,no,0
BLAIR ROUGE,1,1,3689280,no,0
BLESSED MANE,1,1,2203903,no,0
BLK ODYSSY,1,1,2367841,no,0
"BLK ODYSSY, Wiz Khalifa",1,1,2462358,no,0
BLUE ENCOUNT,1,1,3756782,no,0
"BLUTGOTT, Tim _Ripper_ Owens",1,1,3955502,no,0
BLVC SVND,1,1,2483254,no,0
BLVCK CROWZ,1,1,3877201,no,0
"BNYX®, Kid Cudi, Röyksopp",1,1,3310960,no,0
BODÉ & Tanya Lacey,1,1,2967250,no,0
BOMBEI.exe,1,1,2978072,no,0
BOY STORY,1,1,3398354,no,0
BP Infinite,1,1,2302132,no,0
BRKLYN feat. Jocelyn Alice,1,1,2985939,no,0
BROACH,1,1,2996080,no,0
BRSV,1,1,2483376,no,0
BT,1,1,3468397,no,0
"BTK, Optiv",1,1,4892316,no,0
BTRACKS,1,1,2713839,no,0
"BTS, Charli xcx",1,1,2911976,no,0
"BTS, Juice WRLD",1,1,3374122,no,0
"BUNT., The Chainsmokers, Izzy Bizu",1,1,2832575,no,0
Ba'al,1,1,7887257,no,0
Baauer,1,1,3078209,no,0
Babii,1,1,3581433,no,0
Baby Bugs,1,1,2595290,no,0
"Baby Bugs, Esha Tewari",1,1,3214766,no,0
Baby Carti,1,1,6837095,no,0
Baby Fuzz,1,1,3679143,no,0
Baby Storme,1,1,2798786,no,0
BabyJake,1,1,3256794,no,0
BabylØøt,1,1,2292504,no,0
Bachelors of Science,1,1,5965792,no,0
Backhouse Mike,1,1,4492848,no,0
Backyard Dog,1,1,2830868,no,0
Bad Angels,1,1,6275078,no,0
"Bad Books, Manchester Orchestra, Kevin Devine",1,1,3302575,no,0
Bad Boy Chiller Crew,1,1,2797169,no,0
Bad Meets Evil,1,1,3976864,no,0
Bad Omens,1,1,3599706,no,0
Bad Omens & Poppy,1,1,4409737,no,0
Bad Waitress,1,1,1368058,no,0
Bad Wolves,1,1,4173243,no,0
Badboe,1,1,5186784,no,0
Badfinger,1,1,2905409,no,0
Baha Men,1,1,2985281,no,0
Bahari,1,1,2959859,no,0
"Bake Lo, Blaze Ya Dead Homie",1,1,2435913,no,0
Baker Ya Maker,1,1,1921575,no,0
Balam Acab,1,1,4378008,no,0
Ballad,1,1,3569542,no,0
Balming Tiger,1,1,2244633,no,0
Bambee,1,1,3023299,no,0
Band Of Gold,1,1,2635703,no,0
Band Of Horses,1,1,5110759,yes,1
Banes World,1,1,2770854,no,0
Banquo,1,1,2289441,no,0
Barbara Mason,1,1,6533080,no,0
Barbra Streisand & Barry Gibb,1,1,4085988,no,0
"Barbra Streisand, Hozier",1,1,4281903,no,0
"Bare Up, Soljer",1,1,4251324,no,0
"Bare, Messinian",1,1,4525299,no,0
Barns Courtney,1,1,2924196,no,0
Barrett Strong,1,1,1888497,no,0
"Barrett Wilbert Weed, Erika Henningsen",1,1,3050137,no,0
Barrowlands,1,1,7367073,no,0
Basic Movements,1,1,5473727,no,0
Basilica,1,1,2907272,no,0
Basketball Divorce Court,1,1,1464004,no,0
Bassboy,1,1,4095111,no,0
Basshunter,1,1,3131146,no,0
Bassjackers,1,1,3284605,no,0
"Basstripper, Skantia",1,1,2439784,no,0
Battles,1,1,6573823,no,0
Bayamon PR Tribe,1,1,2909034,no,0
"Baymont Bross, Sekret Chadow",1,1,7210600,no,0
"Bazooka Joe Gotti, Mac Dre",1,1,2749164,no,0
Bazzi,1,1,2455106,no,0
Be Steadwell,1,1,3922112,no,0
Bear Grillz,1,1,3253889,no,0
Bears in Trees,1,1,3180807,no,0
Bearson,1,1,2780879,no,0
Beastmode Warriors & MC Val,1,1,3766532,no,0
"Beastmode Warriors, JP Tha Hustler & Slyzwicked",1,1,2798452,no,0
BeatKing,1,1,2322864,no,0
Beats International,1,1,5020927,no,0
"Beauty Queen, Henry Nowhere",1,1,2380228,no,0
Beave,1,1,3374402,no,0
Bebe Rexha,1,1,3279982,no,0
Becca,1,1,2985802,no,0
Beccs,1,1,4270443,no,0
Becky G & El Alfa,1,1,2908885,no,0
Becky Hill & Sigala,1,1,3212257,no,0
Becky Hill feat. Shift K3Y,1,1,3245057,no,0
"Becky Hill, Chase & Status",1,1,2493181,no,0
Bedroom,1,1,5455771,no,0
Been Stellar,1,1,4676237,no,0
BeenWell,1,1,2352198,no,0
Belize,1,1,3296930,no,0
Bella Thorne,1,1,2435241,no,0
Belle & Sebastian,1,1,3896598,no,0
Belleruche,1,1,3282397,no,0
Bellower,1,1,7490139,no,0
Belly,1,1,3268971,no,0
Ben Briggs,1,1,2341523,no,0
Ben Carey,1,1,1866194,no,0
Ben Corry,1,1,2825849,no,0
Ben Folds Five,1,1,4905259,no,0
Ben Hubert,1,1,3326551,no,0
Ben PJB,1,1,3942966,no,0
Ben Pellow,1,1,5046336,no,0
Ben Rector,1,1,3740227,no,0
Ben Snow,1,1,3795997,no,0
"Ben Snow, DJ Phantasy",1,1,3808661,no,0
"Ben Snow, voltage",1,1,3981502,no,0
Benjamin Frith,1,1,3041539,no,0
Benjamin Martins,1,1,3017110,no,0
Benjamin Thorpe,1,1,2888392,no,0
Benns,1,1,4140692,no,0
"Benny Benassi, Lush & Simon",1,1,3412136,no,0
Benny Benni,1,1,6430212,no,0
Benny L,1,1,5683284,no,0
"Benny L, Jappa",1,1,4342324,no,0
"Benny Page, Leo Wood",1,1,2635254,no,0
"Benny Page, MC Spyda",1,1,3259840,no,0
"Benny Page, Mc Funsta",1,1,2560784,no,0
"Benny Page, Serial Killaz, MC Spyda",1,1,2226907,no,0
"Benny V, K-Warren",1,1,3573642,no,0
Bensley,1,1,3548764,no,0
Benét,1,1,2849399,no,0
Berlin,1,1,3712886,no,0
Berlinist,1,1,4443951,no,0
Bernadette Carroll,1,1,2256455,no,0
Berner & B‐Real,1,1,4039852,no,0
Bernie Worrell,1,1,6013582,no,0
Bertrand Chamayou,1,1,5662352,no,0
Besna,1,1,7456259,no,0
Bessie Smith,1,1,2287260,no,0
Betsy Brye,1,1,1766680,no,0
Betta Lemme,1,1,3244142,no,0
Betty Booom,1,1,3637111,no,0
Betty Hutton,1,1,2367990,no,0
Betty Who,1,1,3558736,no,0
Betulio Medina,1,1,10172477,no,0
Between The Trees,1,1,3281633,no,0
Between Thorns,1,1,3308662,no,0
Betzefer,1,1,2845269,no,0
Beverly Crusher,1,1,1802255,no,0
Bexar,1,1,2751024,no,0
Bexey,1,1,2928388,no,0
Beyond the Ghost,1,1,6221257,no,0
Bhad Bhabie,1,1,2134563,no,0
Big Black,1,1,5591445,no,0
Big Black Delta,1,1,4089715,no,0
"Big Boi, Killer Mike, Blackowned C-Bone, Rock D the Legend",1,1,3478515,no,0
Big Boss Vette,1,1,2437676,no,0
Big Brave,1,1,6853242,no,0
Big Brother & The Holding Company,1,1,3869972,no,0
Big Joe Turner,1,1,2413993,no,0
"Big Jump, Wiz Khalifa",1,1,3076302,no,0
"Big Kuntry King, Killer Mike",1,1,3528081,no,0
"Big Lou, Chilly, Jaybee (UK)",1,1,4229774,no,0
"Big Lou, Originator",1,1,2512895,no,0
Big Sean,1,1,3765591,no,0
Big Thief,1,1,3487053,no,0
Big Wyno,1,1,2774080,no,0
BigWalkDog,1,1,2965725,no,0
Bile,1,1,4376806,no,0
Bill Callahan & Bonnie “Prince” Billy,1,1,4502426,no,0
Bill Conti,1,1,3760694,no,0
Bill Evans,1,1,6089174,no,0
Bill Haley And His Comets,1,1,1749064,no,0
Bill Haley and His Comets,1,1,2521621,no,0
Bill Wurtz,1,1,2603916,no,0
"Billie Eilish, Khalid",1,1,3129214,no,0
"Billie Eilish, ROSALÍA",1,1,3248492,no,0
Billy Cobb,1,1,1604687,no,0
Billy Joe Royal,1,1,2413665,no,0
Billy Marchiafava,1,1,1396293,no,0
"Billy Morrison, Cypress Hill",1,1,4498619,no,0
Billy Ocean,1,1,3782567,no,0
Billy Raffoul,1,1,3029911,no,0
Binary Division,1,1,4153617,no,0
"Binary, Mish & Greeen, Visceral, Corrupted Mind, The Music Therapist, melt., Jasmine Tilyard, Sean Richards, Tong8, Dropset, Jenske, Kaizah, Perplex, Noclue, Vulteur, Camo MC, UNSUB, n0isemakeR, Mutag",1,1,4580484,no,0
Bing Crosby,1,1,2211791,no,0
"Biohazard, Vamp",1,1,3577268,no,0
Biosyrup,1,1,3107445,no,0
"Birch, Disrupt",1,1,3370225,no,0
Birds In Row,1,1,3003062,no,0
Birdy,1,1,2997758,no,0
Birocratic,1,1,2372233,no,0
Bishop Nehru,1,1,2497554,no,0
Bismuth,1,1,5924098,no,0
Biting Elbows,1,1,1915277,no,0
Bizzy B,1,1,4617334,no,0
Bks,1,1,5171403,no,0
Bktherula,1,1,1292280,no,0
"Bl3ss, CamrinWatsin",1,1,1934611,no,0
Bl4ck Owlz,1,1,4480398,no,0
"Black Box, Limited Budget",1,1,3414660,no,0
Black Capricorn,1,1,5049467,no,0
Black Core,1,1,2801338,no,0
Black Kids,1,1,3392226,no,0
Black Knights,1,1,5347671,no,0
Black Lung,1,1,2860944,no,0
Black M,1,1,4456040,no,0
Black Marble,1,1,3219676,no,0
Black Nail Cabaret,1,1,4003175,no,0
Black Pantera,1,1,3524833,no,0
"Black Sun Empire, V O E",1,1,4327352,no,0
Black Tide,1,1,3486216,no,0
BlackGummy,1,1,4585187,no,0
"Blackout Problems, Rou Reynolds, Enter Shikari",1,1,3633696,no,0
Blacksite,1,1,3670167,no,0
Blackstreet,1,1,4627243,no,0
"Bladee, Ecco2k, ThaiBoy Digital",1,1,2091199,no,0
"Bladee, Mechatok, Charli xcx",1,1,1902682,no,0
"Bladerunner, Serum",1,1,4670326,no,0
Blaggards,1,1,2319885,no,0
Blahsum,1,1,2523051,no,0
"Blake Basic, Yamakazi",1,1,2405913,no,0
Blake and Miles,1,1,3080616,no,0
Blaketheman1000,1,1,2853850,no,0
"Blanke, Kayoh",1,1,2950832,no,0
"Blaq Jerzee, Mr Eazi, Harmonize",1,1,2784682,no,0
Blaqk Audio,1,1,3222535,no,0
Blargg,1,1,2745948,no,0
Blasphemy,1,1,3423256,no,0
"BlasterJaxx, Hollywood Undead",1,1,3389347,no,0
"Blaze Ya Dead Homie, Johnny Richter, King Klick",1,1,2841891,no,0
Blazin,1,1,3478575,no,0
Bleak Wind,1,1,6350261,no,0
Bleeker,1,1,3225868,no,0
Blind Faith,1,1,3063683,no,0
Blitzkid,1,1,2910183,no,0
Blockhead,1,1,4261571,no,0
"Blood Orange, Caroline Polachek, Lorde, Mustafa",1,1,3429780,no,0
Blood on the Dance Floor feat. Jeffree Star,1,1,3606693,no,0
"Bloodbath64, TV Girl",1,1,1954078,no,0
"Bloodlust, Holy Priest",1,1,2643510,no,0
Bloodstained,1,1,2946706,no,0
Bloodwitch,1,1,4177684,no,0
Bloodywood,1,1,4272263,no,0
Blorg,1,1,1889269,no,0
Blowout,1,1,2408767,no,0
Bloxx,1,1,3249560,no,0
Blu Cantrell,1,1,4206995,no,0
Blu DeTiger,1,1,2519901,no,0
Blue Foster,1,1,3787205,no,0
Blue Foundation,1,1,4706988,no,0
Blue October,1,1,3946093,no,0
Blue Oyster Cult,1,1,3551848,no,0
Blue Rain Boots,1,1,4080578,no,0
Blue Swede,1,1,2619192,no,0
Board-Man,1,1,1896354,no,0
"Bob Crosby, The Bobcats",1,1,2104484,no,0
Bob Seger & The Silver Bullet Band,1,1,2977144,no,0
Bob Vylan feat. Laurie Vincent,1,1,3059582,no,0
Bob's Burgers,1,1,2047238,no,0
BobbY,1,1,4975951,no,0
Bobbie Gentry,1,1,3890676,no,0
"Bobby Caldwell, Jack Splash",1,1,4351979,no,0
Bobby Day,1,1,1966766,no,0
Bobby Fuller Four,1,1,2148643,no,0
Bobby Nunn,1,1,4987417,no,0
Bodom After Midnight,1,1,5938834,no,0
Body Farm,1,1,1417121,no,0
Body Language,1,1,4727493,no,0
Bog Wizard,1,1,9480985,no,0
Bog-Morok,1,1,3961658,no,0
Bogdan Raczynski,1,1,1155380,no,0
Bohemian Vendetta,1,1,3773071,no,0
"Boldy James, The Alchemist",1,1,3106589,no,0
"Bollmann, Creeds",1,1,4134140,no,0
Bomba Estéreo,1,1,5731941,no,0
Bombs Away,1,1,2590301,no,0
Bon Iver & Danielle Haim,1,1,3213416,no,0
Bon Iver & Dijon & Flock Of Dimes,1,1,3458212,no,0
"Bon Jovi, Jelly Roll",1,1,3378998,no,0
"Bon Jovi, Jennifer Nettles",1,1,3903204,no,0
"Bon Jovi, Robbie Williams",1,1,3004412,no,0
"Bon Jovi, The War and Treaty",1,1,4105513,no,0
Bonde Do Role,1,1,5147969,no,0
"Bones, GREAF",1,1,2214826,no,0
"Bones, Ghost___ghoul",1,1,2223805,no,0
Bonnie Raitt,1,1,5164809,no,0
Bonnie X Clyde,1,1,2873202,no,0
"Bonobo, Jacob Lusk",1,1,2137592,no,0
"Bonobo, Jacques Greene",1,1,5261220,no,0
"Bonobo, KOD.AMA",1,1,2193961,no,0
"Bonobo, Nick Murphy",1,1,6963081,no,0
Boogie Cartel,1,1,5448010,no,0
Booka Shade,1,1,4745626,no,0
Booker T. & The M.G.S,1,1,2662813,no,0
Booty Luv,1,1,2820994,no,0
"Boozoo Bajou, Hellmann, Bembo.wav",1,1,2689757,no,0
Boreal,1,1,8353093,no,0
Borgeous,1,1,3609415,no,0
"Borgeous, Zack Martino",1,1,3066051,no,0
"Borgore, AFK",1,1,3311885,no,0
"Borgore, ARTIX!",1,1,2373017,no,0
"Borgore, Abby M_",1,1,2424310,no,0
"Borgore, Axel Boy",1,1,2815624,no,0
"Borgore, Bella Thorne",1,1,3258870,no,0
"Borgore, ETC!ETC!, SNC",1,1,2620196,no,0
"Borgore, Gucci Mane, Thirty Rack",1,1,2694765,no,0
"Borgore, Hekler, T-Wayne",1,1,2881928,no,0
"Borgore, Karetus, Zanova",1,1,1964146,no,0
"Borgore, KinderCore",1,1,2138065,no,0
"Borgore, Level Up, Eloise Keeble",1,1,3414942,no,0
"Borgore, Los Karkik's",1,1,2033153,no,0
"Borgore, MOONBOY",1,1,3168417,no,0
"Borgore, Svdden Death",1,1,3626964,no,0
"Borgore, T-Wayne",1,1,4145871,no,0
"Borgore, cupcakKe, Chase Icon",1,1,2635901,no,0
Born Without Bones,1,1,2894792,no,0
Bossa Latte,1,1,1285815,no,0
Bossman Dlow,1,1,2978460,no,0
Botnek,1,1,2681929,no,0
Bou feat. Spyda,1,1,4351188,no,0
"Bou, Camo & Krooked, Mefjus",1,1,2605392,no,0
"Bou, Irah, Kanine, Trigga",1,1,2926183,no,0
"Bou, Mark XTC",1,1,3996427,no,0
"Bou, Mefjus",1,1,3526955,no,0
"Bou, Trigga",1,1,2328003,no,0
"Bou, Upgrade",1,1,4114485,no,0
Bouducon Production,1,1,4215050,no,0
"Bountyhunter, Dimitri Vegas, Junkie Kid",1,1,2446720,no,0
Bow Church,1,1,4066102,no,0
Boy George,1,1,3766266,no,0
Boyinaband,1,1,3923268,no,0
Boys World,1,1,2151052,no,0
Boyz II Men,1,1,2772808,no,0
Br_eakfast,1,1,2411589,no,0
Brad Breeck,1,1,625668,no,0
Brad Paisley,1,1,3156423,no,0
Brainrack,1,1,2426624,no,0
Brambles,1,1,4456007,no,0
Brand X,1,1,5903263,no,0
Brano,1,1,3403157,no,0
Bratt Sinclaire,1,1,3292821,no,0
"Break, K Motionz, Duskee",1,1,3493291,no,0
Breakbeat Junkie,1,1,4918474,no,0
Breakbeat Kings,1,1,4105681,no,0
Breakestra,1,1,3239794,no,0
Breakfast Muff,1,1,2188938,no,0
Breakfast Santana,1,1,3203589,no,0
Breakfast n Vegas,1,1,3258504,no,0
Breathe Carolina,1,1,4441075,no,0
Bren Joy,1,1,3564282,no,0
Brenda Lee,1,1,2475716,no,0
Brendan Abernathy,1,1,3700158,no,0
Breton,1,1,4488562,no,0
Bri Carter,1,1,2240349,no,0
"Brian Tuey, Kevin Sherwood, James McCawley",1,1,4862177,no,0
Brian the sun,1,1,2814016,no,0
Bridgit Mendler,1,1,3124069,no,0
Bright Ideas,1,1,2298056,no,0
Bristol Fire,1,1,3560962,no,0
Britnee Kellogg,1,1,3022014,no,0
Brittney Spencer,1,1,3263275,no,0
BrokinPaper,1,1,3378849,no,0
Bronze Radio Return,1,1,3154317,no,0
Brook Benton,1,1,3605332,no,0
Brooke Candy,1,1,2821528,no,0
Brooklyn Smith,1,1,2634676,no,0
Brooks & Dunn,1,1,3084763,no,0
Brooks Jefferson,1,1,4045851,no,0
"Brothel, Enjoii",1,1,3891083,no,0
"Brothel, HEXY",1,1,2776652,no,0
"Brothel, Sidewalks and Skeletons",1,1,2173231,no,0
"Brothel, Sidewalks and Skeletons, Open Ocean",1,1,2387566,no,0
"Brothel, barnacle boi",1,1,2692599,no,0
"Brothel, barnacle boi, Derek Pope",1,1,2629768,no,0
"Brothel, enjoii",1,1,3765697,no,0
Brothel_,1,1,2330230,no,0
"Bru-C, Window Kid",1,1,3389180,no,0
"Bru-C, tsuki",1,1,3530372,no,0
Bruce Hornsby,1,1,4949675,no,0
Bruce Levingston,1,1,4810888,no,0
Bruna,1,1,2137516,no,0
"Bruno Martini, Becky Hill & Magnificence",1,1,3173502,no,0
Bruno Sanders,1,1,5014130,no,0
Bryan Adams; Hans Zimmer,1,1,2902459,no,0
Bryan Andrews,1,1,3892666,no,0
Bryan Martin,1,1,2751872,no,0
"Bryce Dessner, Danielle Ponder",1,1,2241510,no,0
Bryce Fox,1,1,3333578,no,0
Brymir,1,1,3984615,no,0
Bryson Tiller,1,1,3123262,no,0
Brytiago,1,1,3330979,no,0
Bríi,1,1,26395414,no,0
Bubbles & The Shit Rockers,1,1,1425468,no,0
Buckcherry,1,1,3177899,no,0
"Buddy, Wiz Khalifa",1,1,3395790,no,0
Buffy Sainte‐Marie,1,1,6897733,no,0
Bug Hunter,1,1,3306777,no,0
Bugge Wesseltoft,1,1,4793084,no,0
Bugus,1,1,2094599,no,0
Bullet For My Valentine,1,1,4552810,no,0
Bullet for My Valentine,1,1,3471332,no,0
Bulletproof & The Fool,1,1,3836009,no,0
Bummelkasten,1,1,4752523,no,0
"Bunker, GEWOONRAVES, Zentryc",1,1,2583783,no,0
"Bunnerz, DnB Allstars",1,1,4239587,no,0
Bunny Lowe,1,1,3551572,no,0
Buraka Som Sistema,1,1,3638161,no,0
Burbank,1,1,1723228,no,0
"Burial, Four Tet, Thom Yorke",1,1,5121832,no,0
Burn The Ballroom,1,1,4629443,no,0
Burnout Syndromes,1,1,3806823,no,0
"Burt Cope, Devilman",1,1,4599560,no,0
"Burt Cope, PDX, Charlotte X",1,1,4048183,no,0
Bush Tetras,1,1,3564207,no,0
Busted,1,1,3030039,no,0
Buunshin,1,1,3554283,no,0
Buzz Kull,1,1,3325061,no,0
Buzzcocks,1,1,3032341,no,0
"Bvndito Musu, Jork, Vader",1,1,2825186,no,0
"Bvndito Musu, Vader, VH el Virus",1,1,2111429,no,0
Bérurier Noir,1,1,5110785,no,0
Böhse Onkelz,1,1,4968494,no,0
C. James Conrad,1,1,3773722,no,0
"CAIN, Jupiterkami",1,1,1973938,no,0
CARNAGE,1,1,3109274,no,0
"CARNAGE, G-Eazy, Wiz Khalifa",1,1,3588685,no,0
CARR,1,1,3169219,no,0
"CASHFORGOLD, Sidewalks and Skeletons",1,1,3053204,no,0
"CASHFORGOLD, Sidewalks and Skeletons, Holly Stell",1,1,2954363,no,0
CASISDEAD,1,1,2438412,no,0
"CAZZETTE, AronChupa, The High",1,1,3109059,no,0
"CHADXLV, Alxn, Stegosaurus Rex",1,1,1335091,no,0
CHANCE デラソウル,1,1,3393569,no,0
"CHAOTIC SUFFER, Chxeu, SVDDEXTH",1,1,2174158,no,0
CHILLS,1,1,1977356,no,0
"CHINCHILLA, Isobel Waller-Bridge",1,1,1889629,no,0
CHLOBOCOP,1,1,2213013,no,0
CHRSBRRY,1,1,2739632,no,0
"CHRYSTAL, NotioN",1,1,3516714,no,0
CIVIC,1,1,3743068,no,0
CJ Bolland,1,1,8192158,no,0
"CLARENCE ASHLEY, Doc Watson",1,1,2222681,no,0
"CLAVVS, Bad Tuner",1,1,3056918,no,0
"CLERLI, Anxiid",1,1,5220277,no,0
CLIQUES_,1,1,5639131,no,0
"CLOVERDALE, KTRL",1,1,2723630,no,0
CLS,1,1,3480749,no,0
CLTX,1,1,5333258,no,0
"CORBAL, Shiloh Dynasty, itssvd",1,1,1390043,no,0
"CORPSE, Savage Ga$p",1,1,1615841,no,0
CORRÓI,1,1,1281968,no,0
CQNZR_,1,1,4888899,no,0
CSS,1,1,3639950,no,0
CVSV,1,1,2709887,no,0
"CYBERTHING!, D-Noise",1,1,3822445,no,0
Cable Ties,1,1,3658259,no,0
Cadallaca,1,1,2745657,no,0
Cady Groves,1,1,3134945,no,0
Caina,1,1,4789552,no,0
Cairiss,1,1,12036119,no,0
Caity Baser,1,1,2219066,no,0
Cajama,1,1,2499012,no,0
"Cajama, X.o.anne",1,1,3225647,no,0
Calabasas,1,1,2588736,no,0
Calagad13,1,1,3799718,no,0
"Caliban, The Browning",1,1,3571641,no,0
"Call of Artemis, Laur",1,1,1822497,no,0
Callista Clark,1,1,3078385,no,0
Calum Bowen,1,1,683330,no,0
"Calvin Harris, Dua Lipa",1,1,3288300,no,0
"Calvin Harris, Ellie Goulding",1,1,2866685,no,0
"Calvin Harris, Rag'n'Bone Man",1,1,3546945,no,0
Cam,1,1,3549123,no,0
Cambridge Singers,1,1,1487540,no,0
Cameron Hayes,1,1,2941394,no,0
"Cameronazi,Subjectz,Babybehr",1,1,2011409,no,0
CanDC,1,1,3680618,no,0
Canaan Cox,1,1,2980005,no,0
Canadian Softball,1,1,4565048,no,0
Cancer Bats,1,1,2771643,no,0
Cantervice,1,1,3981849,no,0
Capital Cities,1,1,3338075,no,0
Capossela Vinicio,1,1,5771244,no,0
Caprice Glaireux,1,1,2146301,no,0
"Captain Bass, DnB Allstars",1,1,4000082,no,0
Captain Supernova,1,1,4394505,no,0
Car Astor,1,1,4502904,no,0
Caravan,1,1,4024652,no,0
"Caravel, Køzløv",1,1,4715778,no,0
Carcass,1,1,3399939,no,0
Cardi B feat. Megan Thee Stallion,1,1,2827628,no,0
Cardopusher,1,1,4421009,no,0
Carl Perkins,1,1,1629843,no,0
Carla,1,1,2790836,no,0
Carla Moses,1,1,2218470,no,0
Carlos Cipa,1,1,3236784,no,0
Carly Gibert,1,1,1814995,no,0
Carnivorous Forest,1,1,4011649,no,0
Caro Emerald,1,1,3188045,no,0
"Carol Doche, Wiz Khalifa",1,1,3443772,no,0
Carol Rosenberger,1,1,1499309,no,0
Carole King,1,1,3494219,no,0
Caroline Konstnar,1,1,1720523,no,0
Carpenters,1,1,2851053,no,0
Carson James Argenna,1,1,3314088,no,0
Carsten Dahl,1,1,2948752,no,0
Cartel,1,1,3246446,no,0
Carter Faith,1,1,2792725,no,0
Carter Graham,1,1,5111092,no,0
Cartridge,1,1,4785384,no,0
Casey Veggies,1,1,2472540,no,0
Cashmere Cat,1,1,4072390,no,0
Casiokids,1,1,2179260,no,0
Cassadee Pope,1,1,3103025,no,0
Cassandra Jenkins,1,1,2843170,no,0
Casseurs Flowters,1,1,3829351,no,0
Cassius,1,1,4202222,no,0
Cast of Camp Rock 2,1,1,2697824,no,0
Caster,1,1,3973195,no,0
Castración,1,1,2379587,no,0
Casttag,1,1,2463121,no,0
Cat Burns,1,1,2960014,no,0
Catalyst,1,1,2991194,no,0
Catatonia,1,1,3848132,no,0
Catbite,1,1,2775507,no,0
Cathy Jain,1,1,4854380,no,0
Cautious Clay,1,1,2110926,no,0
Caylee Hammack,1,1,2411590,no,0
Cece Coakley,1,1,3964059,no,0
Cecile Believe,1,1,3371308,no,0
Cee-Lo Green,1,1,3449105,no,0
Celeste Madden,1,1,2835874,no,0
"Celldweller, SWARM",1,1,3448215,no,0
Celtic Pink Floyd,1,1,5706774,no,0
Celtic Thunder,1,1,3983199,no,0
Census,1,1,4135047,no,0
Ceramic Animal,1,1,3606820,no,0
Cerf,1,1,7491771,no,0
Certified Trapper,1,1,2730755,no,0
Cg5,1,1,3019822,no,0
"Cg5, Muircat",1,1,2087836,no,0
Chad Lawson,1,1,3718514,no,0
"Chad Tepper, Wiz Khalifa",1,1,2498535,no,0
"Chain Gang, PeelingFlesh",1,1,2497705,no,0
"Chamillionaire, Rock D, Killer Mike",1,1,4325301,no,0
Champi,1,1,3710182,no,0
Champion,1,1,3512631,no,0
Championxiii,1,1,1858491,no,0
Chaos E.T. Sexual,1,1,7494289,no,0
Chaosweaver,1,1,5752467,no,0
Char,1,1,3241880,no,0
Charli xcx with Lorde,1,1,3414151,no,0
"Charli xcx, Billie Eilish",1,1,2167757,no,0
"Charli xcx, Lorde",1,1,3147702,no,0
Charlie,1,1,1195871,no,0
Charlie Bear,1,1,2333184,no,0
Charlie Burg,1,1,2922129,no,0
Charlie Sparks (UK),1,1,6427600,no,0
Charlotte Day Wilson,1,1,3811713,no,0
Charlotte Lawrence,1,1,2656736,no,0
Charlotte Rose Benjamin,1,1,3724799,no,0
Charmaine,1,1,5180665,no,0
"Chase & Status, Hedex",1,1,2928805,no,0
"Chase & Status, Stormzy",1,1,2543610,no,0
Chaver,1,1,2786661,no,0
Chaz Cardigan,1,1,2776833,no,0
"Che Lingo, Roger Taylor, Queen",1,1,2757193,no,0
Chef’Special,1,1,4461665,no,0
Chelsea Pastel,1,1,2438460,no,0
Chemical Surf,1,1,4967076,no,0
"Chemical Surf, Dubdisko",1,1,2888058,no,0
"Chemtrailz, Hani",1,1,2179915,no,0
"Chenayder, Mavi",1,1,2212902,no,0
Cher,1,1,3740219,no,0
Cher Lloyd,1,1,3398795,no,0
Cherry & The Fever Dreams,1,1,3526633,no,0
Cherry Poppin’ Daddies,1,1,3476634,no,0
Cherryhead,1,1,2845756,no,0
Cheryl,1,1,3262603,no,0
Cheryl Patterson,1,1,3290262,no,0
Cherym,1,1,3058124,no,0
"Chet Santana, Conquer Divide",1,1,3014276,no,0
Chevy,1,1,1416673,no,0
Chiasmus,1,1,2189757,no,0
Chic,1,1,7816588,no,0
Chicago Symphony Orchestra,1,1,4334750,no,0
Chicks On Speed,1,1,4235733,no,0
Chief Greenbud,1,1,3385734,no,0
Chikwata.263,1,1,3396560,no,0
Chloe Lilac,1,1,3342782,no,0
"Chloe x Halle, Doja Cat",1,1,3977183,no,0
Choir Boy,1,1,4021129,no,0
Choked Up,1,1,1606337,no,0
Chokehold,1,1,3445410,no,0
Chontaraz,1,1,3592878,no,0
Chord Overstreet,1,1,3104131,no,0
Chris Garneau,1,1,2872219,no,0
Chris Hodges,1,1,1760975,no,0
Chris Isaak,1,1,4440418,no,0
Chris Kläfford,1,1,3504355,no,0
Chris LaRocca,1,1,3270980,no,0
Chris Lorenzo,1,1,2777155,no,0
"Chris Lorenzo, Holy Goof",1,1,4305746,no,0
Chris Montez,1,1,2097277,no,0
Chris Rock,1,1,3587436,no,0
Chris Røyal,1,1,3344706,no,0
Chris Stapleton,1,1,3992250,no,0
Christian Kane,1,1,3424836,no,0
Christina Aguilera featuring Missy Elliott,1,1,3741184,no,0
"Christina Aguilera, Lil’ Kim, Mýa & P!nk",1,1,4332088,no,0
Christina Grimmie,1,1,3689609,no,0
Christmas Classics_ Redneck Style,1,1,2308851,no,0
Christophe Maé,1,1,3642782,no,0
Christophe Willem,1,1,4567231,no,0
Christopher Bill & Will Prinzi,1,1,4150939,no,0
Chromatics,1,1,4820330,no,0
Chubby Checker,1,1,2457828,no,0
Chuck Brodsky,1,1,3294756,no,0
Chuva Negra,1,1,1801198,no,0
"Chxeu, Nvv",1,1,2710822,no,0
Ciemra,1,1,3617132,no,0
Circadian,1,1,3766600,no,0
Circuits,1,1,4457887,no,0
Circumference,1,1,3633490,no,0
Cirque Du Soleil,1,1,2304476,no,0
Cirque d'Ess,1,1,3946540,no,0
Citizen Cope,1,1,4139669,no,0
City Girl,1,1,2775230,no,0
"City Girl, Ry, Tiffi",1,1,2326478,no,0
City Girls,1,1,3183109,no,0
Ck9c,1,1,4203002,no,0
Claas,1,1,5341840,no,0
Claas Herrmann,1,1,4784189,no,0
Claire Waluch,1,1,1350321,no,0
"Clams Casino, Imogen Heap",1,1,4270619,no,0
Claribel Ramón,1,1,2490259,no,0
Clark,1,1,3090376,no,0
Clarx,1,1,3530739,no,0
Clash,1,1,3115872,no,0
Clawfinger,1,1,3343478,no,0
"Clb, Formula",1,1,3486219,no,0
Clear Light,1,1,2721149,no,0
Cleopatrick,1,1,3998398,no,0
"Clepsydra, Blood Wolf, åpostol",1,1,4840452,no,0
Cliff Eidelman,1,1,2934863,no,0
"Cliff Martinez, Waveshaper",1,1,3141191,no,0
Clint Mansell,1,1,5051138,no,0
Clipz,1,1,2241522,no,0
"Clockvice, Shurk",1,1,3677492,no,0
"Cloud Rat, test",1,1,3151975,no,0
Clubhouse,1,1,2842293,no,0
Clubroot,1,1,6270359,no,0
Coast Club,1,1,3151605,no,0
Coast Modern,1,1,3460647,no,0
Coastal Club,1,1,3924113,no,0
Cock Sparrer,1,1,2395396,no,0
Coco Bryce,1,1,5430533,no,0
Code Elektro,1,1,3008069,no,0
"Code_ Pandorum, Synoid",1,1,3858981,no,0
"Cody Jinks, Paul Cauthen",1,1,5117111,no,0
Cody Ko,1,1,2077723,no,0
Cody Manson,1,1,3242525,no,0
Coffin Nail,1,1,2365303,no,0
Coffins,1,1,4846015,no,0
Cojum Dip,1,1,4491320,no,0
Cola Boyy,1,1,4615438,no,0
Cold,1,1,2950631,no,0
Cold Cave,1,1,5174259,no,0
Cold Cell,1,1,6687241,no,0
"Cold Hart, Lil Peep",1,1,3554377,no,0
Cold Mission,1,1,3601614,no,0
Cold War Kids,1,1,3272150,no,0
Cole Swindell,1,1,2931892,no,0
Collectif Mary Read,1,1,5467468,no,0
Colombo,1,1,4500401,no,0
Colony House,1,1,2761490,no,0
Com Truise,1,1,4830237,no,0
Coma Cinema,1,1,1728746,no,0
Combustible Edison,1,1,3113218,no,0
Comfort Cure,1,1,3625310,no,0
Common Enemy,1,1,1696058,no,0
"Complex, FILTHY HABITS",1,1,4333473,no,0
Computer Magic,1,1,3269141,no,0
"Comunidade Mãe do Homem Novo, Fabinho & Regiane",1,1,3725128,no,0
Con Killion,1,1,4509243,no,0
Conan,1,1,4376941,no,0
Concilium,1,1,8331635,no,0
Conducta,1,1,2637552,no,0
Confusing Paradise,1,1,4028099,no,0
Conjuror,1,1,2592657,no,0
"Conni, Niall T",1,1,2892733,no,0
Connor Spiotto,1,1,2896120,no,0
"Conquer Divide, DVRK",1,1,3207347,no,0
"Conquer Divide, Kellin Quinn",1,1,3380216,no,0
"Conquer Divide, Of Virtue",1,1,3443555,no,0
Conrad Subs,1,1,3756876,no,0
Constant Hell,1,1,571772,no,0
Consumer,1,1,6912243,no,0
"Contact Point, Magenta",1,1,2085602,no,0
Contrefaçon,1,1,4002806,no,0
Converge,1,1,7511488,no,0
Cookie Monsta,1,1,4542412,no,0
Coolio,1,1,3637487,no,0
"Coolio, Holy Priest, 1 World",1,1,4108701,no,0
Coone,1,1,3543175,no,0
"Coppa, Rouman, Siren",1,1,3642205,no,0
Cora's Heart,1,1,10031404,no,0
Corbin Bleu,1,1,3058625,no,0
Corduroy Slim,1,1,2611449,no,0
Corey Hart,1,1,5027049,no,0
Corey Scherer,1,1,2394465,no,0
Corey Taylor,1,1,4813320,no,0
Corpse,1,1,1381679,no,0
Corvad,1,1,3792998,no,0
Cosmic Johnny,1,1,3702576,no,0
Cosmo's Midnight,1,1,3821578,no,0
Counting Crows,1,1,4528503,no,0
Country Music Masters,1,1,3674730,no,0
Courting,1,1,5312589,no,0
Courtney Barnett,1,1,2600585,no,0
Courtney Love,1,1,4230019,no,0
Cousin Stizz,1,1,3075072,no,0
Cowardice,1,1,5641638,no,0
Cowgirl Clue,1,1,2549706,no,0
Coyote Theory,1,1,3744812,no,0
Crackboy,1,1,5145385,no,0
Cracked Skull,1,1,5128968,no,0
Craig Armstrong,1,1,1525658,no,0
"Craspore, Chernoburkv",1,1,2973534,no,0
Crawl Across the Sky,1,1,21230799,no,0
Crawl Below,1,1,6476458,no,0
Crazy Town,1,1,3294053,no,0
Creation,1,1,3790607,no,0
Cree Summer,1,1,4247972,no,0
Creeds,1,1,2228859,no,0
Creep-P,1,1,3966330,no,0
"CreepP, DJ Myosuke",1,1,3010908,no,0
"Crichy Crich, King Tutt",1,1,2639852,no,0
"Crimson Apple, Tep No",1,1,3928326,no,0
Crimson Dreams,1,1,3912280,no,0
Crisaunt,1,1,2804290,no,0
Crissy Criss,1,1,3352851,no,0
Cristina Ariagno,1,1,1349406,no,0
Critical Impact,1,1,4967977,no,0
"Critical Impact, T_I",1,1,5387126,no,0
Crosby Stills And Nash,1,1,7045357,no,0
Crosby Stills Nash And Young,1,1,2762022,no,0
Crossfade,1,1,3036924,no,0
"Crossy, JMan",1,1,3531092,no,0
"Crossy, Kamoh",1,1,3252441,no,0
Crsd,1,1,2500228,no,0
Crush All Tyranny,1,1,1456338,no,0
Crystal Fighters,1,1,3456028,no,0
Crystal Waters,1,1,3251776,no,0
Cubanate,1,1,2779220,no,0
Cubic 22,1,1,4772912,no,0
"Cuckoo, First Blood, Ross罗师, 枸杞",1,1,3398655,no,0
Cuco,1,1,4777494,no,0
CueStack,1,1,3382078,no,0
Cuffed Up,1,1,2998232,no,0
Cult Activity & Dark Half,1,1,5070863,no,0
"Cult of Luna, Julie Christmas, Perturbator",1,1,11523010,no,0
Cults,1,1,3512055,no,0
Culture Shock,1,1,4325700,no,0
Cupid,1,1,3574198,no,0
Curses,1,1,4105705,no,0
Curtis Waters,1,1,2140187,no,0
CutThroatCrew,1,1,1483781,no,0
Cute Is What We Aim For,1,1,3163462,no,0
Cutty Ranks,1,1,4079580,no,0
Cyazon,1,1,3304960,no,0
Cyberpunkers,1,1,3559693,no,0
Cyning Yor,1,1,8486807,no,0
Cynthia,1,1,5714515,no,0
"Cypress Hill, Pitbull, Marc Anthony",1,1,3742664,no,0
Cyprien Katsaris,1,1,3715938,no,0
Cyriak Harris,1,1,2248415,no,0
Czernina,1,1,4943736,no,0
Czerń,1,1,3546024,no,0
Cécile Corbel,1,1,3972764,no,0
Cólera,1,1,3101724,no,0
Cö Shu Nie,1,1,3760972,no,0
"D-Loc, Kottonmouth Kings",1,1,2745641,no,0
D.F.C_,1,1,1027877,no,0
D.O.D,1,1,3688563,no,0
D.R.I_,1,1,3380760,no,0
DCappella,1,1,2750159,no,0
DEADEND,1,1,2981222,no,0
DEADG6D,1,1,1968240,no,0
DEBBY FRIDAY,1,1,2749104,no,0
DEMETER,1,1,2901364,no,0
DEV,1,1,3455763,no,0
DEVO,1,1,2485513,no,0
"DIAMANTE, Breaking Benjamin",1,1,3518969,no,0
DITZ,1,1,2466827,no,0
"DJ AKi, Yellock",1,1,4010167,no,0
"DJ AKi, Yellock, Audio",1,1,3997096,no,0
DJ Absi,1,1,3191279,no,0
DJ Angola,1,1,4231424,no,0
DJ Aphrodite,1,1,3013308,no,0
"DJ Cutman, NyxTheShield",1,1,2305900,no,0
"DJ Dan, Needle Damage",1,1,5881110,no,0
DJ Die,1,1,5163158,no,0
DJ ENCORE,1,1,3569258,no,0
"DJ FLICT, Cypress Hill, SHAVO",1,1,1683397,no,0
DJ Food,1,1,6119175,no,0
DJ Format & Phill Most Chill,1,1,2462238,no,0
DJ Fresh,1,1,3504416,no,0
"DJ Fresh, Bou, Used",1,1,3451899,no,0
"DJ Fresh, Buunshin",1,1,2614688,no,0
DJ Gaw,1,1,2642634,no,0
DJ Ham,1,1,5677185,no,0
"DJ Holiday, Wiz Khalifa, O.T. Genasis",1,1,3022132,no,0
"DJ Hybrid, Conrad Subs, Mrs Magoo",1,1,3509627,no,0
DJ Icey,1,1,5262480,no,0
DJ Jazzy Jeff,1,1,3547391,no,0
"DJ Khaled feat. Post Malone, Megan Thee Stallion, Lil Baby & DaBaby",1,1,3044522,no,0
"DJ Limited, Fatman D",1,1,3317834,no,0
"DJ Limited, Sub Zero",1,1,3690076,no,0
DJ Love,1,1,5270437,no,0
DJ Morgoth,1,1,6055327,no,0
"DJ Myosuke, Gram, T+pazolite",1,1,2983315,no,0
"DJ Myosuke, Masaki",1,1,2414661,no,0
DJ Noize & Tyga,1,1,3674998,no,0
DJ Phantasy,1,1,5636355,no,0
"DJ Rap, Dope Ammo",1,1,4127269,no,0
DJ Reckless,1,1,4823893,no,0
"DJ Shadow, Run The Jewels",1,1,2828570,no,0
"DJ Snake, Marshmello",1,1,2817968,no,0
"DJ Snake, ZEDD",1,1,5035938,no,0
DJ Spooky,1,1,5905038,no,0
"DJ TEMPA, Hetsu",1,1,3797624,no,0
DJ Ten,1,1,4771779,no,0
DJ Tomekk,1,1,137660071,no,0
DJ Trace,1,1,6531709,no,0
"DJ Vadim, Sena Dagadu",1,1,4844390,no,0
DJ Yoda,1,1,2617968,no,0
"DJ Zinc, Riko Dan",1,1,3156197,no,0
"DJYOUTH, Alpha Rosa",1,1,3437536,no,0
DMVU,1,1,5251807,no,0
DOG BUS,1,1,2561393,no,0
DOGBRETH,1,1,2298426,no,0
DON DARKOE,1,1,2625858,no,0
DOTTY ONTAP,1,1,1392886,no,0
DOUBLECAMP,1,1,2856099,no,0
DOWN,1,1,3792729,no,0
"DR S Gachet, Bladerunner, Heist",1,1,4778644,no,0
"DREGG, City Morgue",1,1,3095604,no,0
"DREGG, Nerve",1,1,2634537,no,0
DRS,1,1,4864206,no,0
DS-13,1,1,1391551,no,0
DSTR,1,1,5399824,no,0
DVBBS,1,1,3692349,no,0
"DVBBS, Arkade, Sebii",1,1,2276553,no,0
"DVBBS, Saro",1,1,2869999,no,0
"DVBBS, Wiz Khalifa, Urfavxboyfriend",1,1,2021309,no,0
DVMP,1,1,2627898,no,0
DXRK SPACE,1,1,2407523,no,0
D_Note,1,1,4748604,no,0
Da Intalex,1,1,5708112,no,0
Da Vinci's Notebook,1,1,3667673,no,0
DaBaby,1,1,2442881,no,0
DaVionne,1,1,1970039,no,0
Daath,1,1,3422547,no,0
"Dabeull, Rude Jude",1,1,2641789,no,0
Dack Janiels,1,1,3051068,no,0
"Daddy Issues, White Reaper",1,1,3124443,no,0
Daddy Yankee,1,1,4261660,no,0
Dafna,1,1,2589094,no,0
Dagny,1,1,3168706,no,0
Dago Funk,1,1,2494987,no,0
Dai Burger,1,1,2678167,no,0
Daily Bread,1,1,3831432,no,0
Daisuke Tanabe,1,1,3612043,no,0
Daisy Chainsaw,1,1,2412451,no,0
Daisy the Great,1,1,3107400,no,0
Dajah Dorn,1,1,2990652,no,0
Dakky Boi,1,1,1637294,no,0
Dal Av,1,1,2897886,no,0
Dale Kruegler & The Missing Felicitys,1,1,33256827,no,0
Dallas Wind Symphony,1,1,6703026,no,0
Damiano David,1,1,3453485,no,0
Damien Escobar,1,1,2974077,no,0
Damn Youth,1,1,2136365,no,0
Dan Salvato,1,1,2902847,no,0
Dana Dentata,1,1,2237767,no,0
Danakil Meets OnDubGround,1,1,4325877,no,0
Dance Conspiracy,1,1,5737152,no,0
Dance Dance Dance!,1,1,1873213,no,0
Dance Gavin Dance,1,1,4244461,no,0
Danger,1,1,4904041,no,0
Danger Twins,1,1,2452046,no,0
DaniLeigh,1,1,2671338,no,0
Daniel Allan,1,1,1934939,no,0
"Daniel Allan, Lyrah",1,1,2291866,no,0
"Daniel Hope, Zürcher Kammerorchester, Jane Berthe",1,1,3074775,no,0
Daniel Hopeland,1,1,3737384,no,0
"Daniel Kahn, the Painted Bird",1,1,3381836,no,0
Daniel Leggs,1,1,3217661,no,0
"Daniel Müller-Schott, Robert Kulek",1,1,6122047,no,0
Daniel Wall,1,1,2866492,no,0
DanielFromSalem,1,1,2305598,no,0
Danielle Bradbery,1,1,3240926,no,0
"Daniil Trifonov, Mahler Chamber Orchestra, Mikhail Pletnev, Sergei Babayan",1,1,5324923,no,0
Danny Avila,1,1,2952067,no,0
"Danny Byrd, Benny Page, Dope Ammo",1,1,4761214,no,0
"Danny Elfman, UNKLE",1,1,3855000,no,0
Danny L Harle & PinkPantheress,1,1,4103758,no,0
"Danny L Harle, Lil Texas",1,1,3399577,no,0
Danny Walgreen,1,1,3986943,no,0
Danny and Alex,1,1,3276738,no,0
Danos,1,1,3187008,no,0
"Danrell,Småland",1,1,3079518,no,0
Dansu,1,1,2422128,no,0
Dante Peluso,1,1,3076180,no,0
Danz CM,1,1,3961966,no,0
Danzel,1,1,3533324,no,0
Daphne Browdy,1,1,3057579,no,0
Dar Williams,1,1,2867320,no,0
Dareharu,1,1,3648770,no,0
Dario Marianelli,1,1,2376181,no,0
"Dario Marianelli, Alexandre Desplat, James Newton Howard",1,1,4904122,no,0
"Darion Harris, church",1,1,2739904,no,0
Dark,1,1,3028053,no,0
Dark Day,1,1,4127040,no,0
Dark Watcher,1,1,4248985,no,0
"Darkzy, Window Kid",1,1,2241169,no,0
"Darkzy, eXample",1,1,4123854,no,0
Daron Malakian and Scars On Broadway,1,1,3617235,no,0
"Darren Styles, TNT",1,1,2506210,no,0
"Darude, OSKR, bianca",1,1,2814072,no,0
"Darude, Zac Waters",1,1,4985977,no,0
"Dash Berlin, Rowald Steyn",1,1,2286683,no,0
Dash Rip Rock,1,1,1924813,no,0
Dave,1,1,2849739,no,0
Dave Brubeck,1,1,2995869,no,0
Dave Matthews Band,1,1,4950162,no,0
Dave Rodgers,1,1,3778169,no,0
David Alexander,1,1,2435700,no,0
David Arden,1,1,2153586,no,0
David Carretta,1,1,8920109,no,0
David Fitzpatrick Trio,1,1,4545104,no,0
David Fray,1,1,4399541,no,0
David Guetta & Sia,1,1,2571014,no,0
"David Guetta, Afrojack",1,1,2742720,no,0
"David Guetta, Anne-Marie, Coi Leray",1,1,2203864,no,0
"David Guetta, Chris Willis, Cedric Gervais",1,1,3113649,no,0
"David Guetta, Martin Garrix, Brooks",1,1,3149765,no,0
"David Guetta, Tom Staar",1,1,3430213,no,0
David Healer,1,1,3004060,no,0
David Holmes,1,1,5016019,no,0
David Lloyd-Jones,1,1,6075636,no,0
"David Lloyd-Jones, Northern Sinfonia",1,1,2087411,no,0
"David Löhlein, Vision Ekstase",1,1,6262525,no,0
David Roth,1,1,2965744,no,0
David Shawty,1,1,1442293,no,0
Dawid Podsiadło,1,1,5442243,no,0
Dawn Treader,1,1,8364629,no,0
Daya,1,1,2993467,no,0
Daði Freyr,1,1,2699628,no,0
De La Soul,1,1,1645779,yes,18
Dead Dred,1,1,4688754,no,0
Dead End Tragedy,1,1,2762336,no,0
Dead Robot & Saphir,1,1,3069690,no,0
Dead Sara,1,1,4227430,no,0
DeadJxhn,1,1,2409017,no,0
DeadLock,1,1,3276575,no,0
"Dead_Awake, Filth",1,1,3039244,no,0
"Deadcrow, Brothel",1,1,2157513,no,0
"Deadcrow, MYSTXRIVL",1,1,3896623,no,0
Deadheaven,1,1,3785781,no,0
Deadline,1,1,3946372,no,0
Dean Fujioka,1,1,2991941,no,0
Dean Lewis,1,1,3011611,no,0
"Dean Martin, RJD2",1,1,2598275,no,0
Dean Simmons,1,1,1341733,no,0
Deap Vally,1,1,4038045,no,0
Dear Nora,1,1,1413847,no,0
Death Cigarettes,1,1,2739415,no,0
Death Decline,1,1,4403908,no,0
Death From Above 1979,1,1,3044053,no,0
Death Grips feat. Les Claypool,1,1,7168875,no,0
Death Stranding_ Timefall,1,1,2973559,no,0
Deathening,1,1,3487458,no,0
Deathstars,1,1,3423862,no,0
Deathvoid,1,1,5018115,no,0
Deb Fan,1,1,2674955,no,0
Debra Laws,1,1,4126413,no,0
"Decades, Yaano, Notequal, SLWDWN",1,1,3888332,no,0
Decoded Feedback,1,1,5155101,no,0
Deconvolution,1,1,2315971,no,0
Dee Dee,1,1,3561654,no,0
DeejayQuality,1,1,1087726,no,0
"Deekline, Ed Solo, Ben Snow",1,1,5260431,no,0
"Deekline, KlumzyKhemist, Logan_olm, Dread MC",1,1,3703237,no,0
Deep Blue Something,1,1,3805159,no,0
"Deep Blue, Foul Play, Omni Trio",1,1,5524946,no,0
Deep Dish,1,1,13622422,no,0
Deep Purple _ Ike & Tina Turner,1,1,4369613,no,0
Deerhoof,1,1,2917350,no,0
Default,1,1,3468595,no,0
Degs,1,1,4308346,no,0
"Degs, Hoax",1,1,3171739,no,0
"Degs, Hologram, Ragga Twins",1,1,2675119,no,0
Dehd,1,1,3396324,no,0
"Dehumanizing Itatrain Worship, Chelsea Grin, Gizmo",1,1,5112113,no,0
Deko,1,1,1599385,no,0
Del Florida,1,1,2952871,no,0
Del Shannon,1,1,2099937,no,0
Del Tha Funkee Homosapien,1,1,3245352,no,0
Delialah El-Atwi,1,1,3055059,no,0
"Deliquesce, Sanguisugabogg",1,1,4012272,no,0
Deliver The Galaxy,1,1,3731551,no,0
DellaXOZ,1,1,2883985,no,0
Delta Heavy,1,1,3383793,no,0
Delta Rae,1,1,3189286,no,0
Demondust,1,1,2182693,no,0
Demophobia,1,1,3031678,no,0
Deniece Williams,1,1,4061107,no,0
Deniz Koyu,1,1,2710539,no,0
Dennis Edwards,1,1,3796348,no,0
"Deorro, Vikstrom",1,1,3972049,no,0
Der Blutharsch and the Infinite Church of the Leading Hand,1,1,3252001,no,0
Derek And The Dominos,1,1,6624067,no,0
Derek Warfield,1,1,3219406,no,0
Derek and the Dominos,1,1,7076863,no,0
Derina Harvey Band,1,1,3501087,no,0
Desalmado,1,1,4134276,no,0
Describer,1,1,1771568,no,0
Desert Heretic,1,1,2280588,no,0
Desire,1,1,4211513,no,0
Desireless,1,1,4428332,no,0
Desista,1,1,4290502,no,0
Despersion,1,1,4287569,no,0
Dessa,1,1,2345820,no,0
Destinity,1,1,3537839,no,0
Destiny Rogers,1,1,3371325,no,0
"Destroy Boys, Audiotree",1,1,2306934,no,0
Destroy Rebuild Until God Shows,1,1,2375716,no,0
Deuszebul,1,1,3191599,no,0
"Dev Lemons, Stevie Powers",1,1,2138441,no,0
Devil Disco,1,1,4816424,no,0
"Devilman, Higher Sector",1,1,2461720,no,0
"Devilman, Higher Sector, Ragga twins",1,1,2569747,no,0
"Devilman, Mr Traumatik, NiteRider",1,1,2612696,no,0
Devin Riggins,1,1,3481383,no,0
Devora,1,1,3859708,no,0
Devotos Do Odio,1,1,2031557,no,0
Dexcell,1,1,4491038,no,0
Dexy's Midnight Runners,1,1,3233255,no,0
Dexys Midnight Runners,1,1,4222737,no,0
"Diablo, Killstation, Borgore",1,1,1866749,no,0
"Diagnostix, DJ Limited",1,1,3097721,no,0
Diamond & The Psychotic Neurotics,1,1,3526433,no,0
Diamond Eyes,1,1,4232663,no,0
Diary of Dreams,1,1,5232191,no,0
Diddy,1,1,3578433,no,0
Didier Super,1,1,2966047,no,0
Die Form,1,1,3526449,no,0
Die So Fluid,1,1,4527083,no,0
Die Sünde,1,1,19378766,no,0
Die Toten Hosen,1,1,4203013,no,0
Diggy-MO',1,1,3666180,no,0
Digigurl,1,1,3166651,no,0
"Digital Punk, Adaro",1,1,4474814,no,0
Digital Underground,1,1,5706422,no,0
"Dikke Baap, GEWOONRAVES, Krabi",1,1,2150817,no,0
"DillanPonders, BVB",1,1,2372733,no,0
"Dillinja, Capone, Cybotron",1,1,4210284,no,0
Dillon Carmichael,1,1,3047697,no,0
Dillon Francis,1,1,3349328,no,0
"Dillon Francis, Skrillex",1,1,3339592,no,0
Dillon Nathaniel,1,1,3258911,no,0
Dimension F3H,1,1,2891038,no,0
Diminuendo,1,1,2512246,no,0
"Dimitri Vegas & Like Mike, David Guetta, Daddy Yankee, Afro Bros, NATTI NATASHA, Dimitri Vegas, Like Mike",1,1,2924240,no,0
"Dimitri Vegas & Like Mike, Martin Garrix, Dimitri Vegas",1,1,4623228,no,0
"Dimitri Vegas & Like Mike, Nicky Romero",1,1,2494419,no,0
Dionne Warwick,1,1,2678908,no,0
"Diplo, French Montana, Lil pump",1,1,2753279,no,0
Dirt Woman,1,1,6892995,no,0
Dirty Bynum,1,1,2424148,no,0
Dirty Heads,1,1,3155113,no,0
Dirty Old Mat,1,1,4016260,no,0
Dirty Sinister,1,1,2548770,no,0
Dirty South,1,1,6359887,no,0
"Dirtyphonics, FuntCase",1,1,3883444,no,0
"Dirtyphonics, Sullivan King",1,1,4150494,no,0
Disarmonia Mundi,1,1,3558654,no,0
Disclosure,1,1,4398378,no,0
"Disclosure, ZEDD",1,1,6130446,no,0
"Disco Inc., fredo disco",1,1,4144218,no,0
Disco Lines,1,1,2858222,no,0
Disfear,1,1,3106138,no,0
Disko Warp,1,1,3227962,no,0
Diskrete,1,1,4141582,no,0
Disprove,1,1,3939367,no,0
"Disrupt, Pyrate",1,1,4005657,no,0
"Disrupta, DJ Gaw, Zoro",1,1,4216396,no,0
"Disrupta, Gentlemens Club",1,1,2816285,no,0
"Disrupta, Latte, B Live",1,1,3111900,no,0
Distance,1,1,5688021,no,0
"Distant, Suicide Silence, Emmure",1,1,6669531,no,0
"Dither, Nosferatu",1,1,3625719,no,0
Diva Destruction,1,1,3489672,no,0
Divide And Dissolve,1,1,4146036,no,0
Divine Council,1,1,1772277,no,0
Divinyls,1,1,3291984,no,0
Dixie Chicks,1,1,3567858,no,0
Dj Al,1,1,4987562,no,0
Dj AndreS,1,1,2028007,no,0
Dj Catsultan,1,1,2330227,no,0
Dj Farrapo,1,1,4200041,no,0
"Dj Mad Dog, Cancel",1,1,4110513,no,0
"Dj Noriken, Aran",1,1,2339830,no,0
"Dj Noriken, Masaki",1,1,2399218,no,0
"Dj Noriken, Tachibana, Massive New Krew",1,1,2777705,no,0
Dj Pooch,1,1,5151803,no,0
Dj Suraci And Spins,1,1,3899373,no,0
Dj-Jo,1,1,4440400,no,0
Dnmo,1,1,4182044,no,0
"Dnmo, Wolfy Lights, Blooom",1,1,3880202,no,0
Doctor P,1,1,4118268,no,0
"Doctor P, FuntCase",1,1,2217127,no,0
"Doechii, SZA",1,1,3272541,no,0
Dog Park Dissidents,1,1,1993788,no,0
"Doja Cat, Naomi Watanabe",1,1,3172590,no,0
"Doja Cat, Tyga",1,1,3180184,no,0
"Doktor, P Money, D Double E",1,1,2579654,no,0
Doli & Penn,1,1,3646229,no,0
Dollface,1,1,1330885,no,0
Dolly Mixture,1,1,1825381,no,0
Dolores Forever,1,1,2377720,no,0
Dom Dolla,1,1,2880588,no,0
"Dominator, Logan D",1,1,4213538,no,0
"Dominator, Vital, MASS",1,1,4079402,no,0
Dominic Fike,1,1,2092179,no,0
Dominic Lewis,1,1,4383263,no,0
Dominika Płonka,1,1,2752347,no,0
Dominique Guiot,1,1,2401371,no,0
"Don Arcadio, 20 Fingers",1,1,3335818,no,0
"Don Diablo, Imanbek",1,1,3028623,no,0
"Don Diablo, Steve Aoki, Lush & Simon",1,1,3188972,no,0
Don Henley,1,1,4445558,no,0
Don Krez,1,1,3018726,no,0
Don McLean,1,1,7971428,no,0
"Don't, Flora Wallace",1,1,3781671,no,0
Donald Minestra,1,1,3565174,no,0
Donna Lewis,1,1,3682562,no,0
Dope,1,1,2865844,no,0
Dora Jar,1,1,3051000,no,0
Doreem,1,1,4541248,no,0
Dorian,1,1,4236903,no,0
Dorian Electra,1,1,3252071,no,0
Dorothy Mckenzie,1,1,1956085,no,0
Dorothy Waste,1,1,2090038,no,0
Dot Dot Curve,1,1,2962423,no,0
Double Visions,1,1,4526491,no,0
"Dougal, VIBES",1,1,4534884,no,0
Dove Armitage,1,1,3282092,no,0
Down To Nothing,1,1,3927224,no,0
Downlink & SampliFire,1,1,3896133,no,0
Download,1,1,4698681,no,0
Downstair Project,1,1,4317349,no,0
Downtown Boys,1,1,3107067,no,0
Dpart,1,1,2060511,no,0
"Dr. Fresch, House Call",1,1,2555899,no,0
Dr. Lonnie Smith,1,1,7216067,no,0
Dr. Peacock,1,1,3453689,no,0
Drab Majesty,1,1,3282685,no,0
Dragon Boys,1,1,2890868,no,0
Drahla,1,1,3612644,no,0
Dramarama,1,1,3559146,no,0
"Dreadnaught, frays",1,1,4180554,no,0
Dream Black,1,1,2918919,no,0
"Dream Supplier, Baby Sleeps, Granular Noise",1,1,3123947,no,0
Dream Theater,1,1,7682600,no,0
"Dream, Ivory",1,1,2186598,no,0
"Dream, Ivory, Jay Som",1,1,3835691,no,0
DreamReaper,1,1,3353889,no,0
"DreamReaper, MAGNAVOLT",1,1,3495686,no,0
Dreamcatcher,1,1,3544655,no,0
Dreamer Isioma,1,1,2728691,no,0
Dreamslain,1,1,11264112,no,0
Dreamville,1,1,3694643,no,0
Dreamwell,1,1,4087300,no,0
Drenchill,1,1,2532063,no,0
Dreps,1,1,3070367,no,0
"Dreps, P Money, Eksman",1,1,3263069,no,0
Dressy Bessy,1,1,2909387,no,0
Drew Milner,1,1,2318950,no,0
Drop Nineteens,1,1,8299817,no,0
Drowning Pool,1,1,3155540,no,0
Drug Restaurant,1,1,3635897,no,0
Drumma Boy,1,1,2936443,no,0
"Drumsound & Bassline Smith, Teddy Killerz",1,1,3980452,no,0
Dua Saleh,1,1,2528760,no,0
Dub-I-Dub,1,1,2769497,no,0
DubVision,1,1,2723225,no,0
"DubbleT, KKoi",1,1,2662496,no,0
"DubbleT, Maddy Lucas",1,1,3117817,no,0
"DubbleT, Ohkay",1,1,3364000,no,0
"Dubruvvas, Gusto",1,1,3952065,no,0
Duffy,1,1,3318408,no,0
Dulce Liquido,1,1,6746742,no,0
Duncan Sheik,1,1,2953851,no,0
Dungeon Serpent,1,1,5978278,no,0
Dunham Froebel,1,1,2523038,no,0
Duo Gazzana,1,1,2941654,no,0
"Durdenhauer, A$AP Rocky",1,1,2525367,no,0
Durtle,1,1,2236267,no,0
"Duskee, Particle",1,1,2897825,no,0
"Dusky, Denham Audio",1,1,3004658,no,0
Dustin Hatzenbuhler,1,1,3026019,no,0
Dustycloud,1,1,3932200,no,0
"Dutta, Bou",1,1,4156768,no,0
"Dutta, Serum",1,1,4249880,no,0
"Dutta, Trigga",1,1,4186814,no,0
"Dux n Bass, Macky Gee",1,1,2660032,no,0
"Dweller, Bite Size Moments, Millennium Jazz Music",1,1,4636136,no,0
Dwight Yoakam & Post Malone,1,1,3376980,no,0
Dynatron,1,1,4325453,no,0
"Dynoro, Gigi D'Agostino",1,1,2936440,no,0
"Dynoro, Ina Wroldsen",1,1,4094248,no,0
Dysthymia,1,1,8403101,no,0
Dzö-nga,1,1,10143883,no,0
Délice,1,1,5170509,no,0
Dødsferd,1,1,8096071,no,0
E Nomine,1,1,3634695,no,0
E&K,1,1,2768203,no,0
"E2D2, Joe, maycey",1,1,2633063,no,0
EJ Worland,1,1,3092017,no,0
EJECA,1,1,2574655,no,0
EKKSTACY,1,1,2440716,no,0
"EMBER, Sara Benyo",1,1,3989869,no,0
EMISSARY OF SUFFERING,1,1,2398877,no,0
ENIGMA,1,1,3604441,no,0
EN_VY,1,1,3787575,no,0
"EN_VY, Molecular",1,1,3653119,no,0
ENiGMA Dubz,1,1,4060802,no,0
EPEX,1,1,2821947,no,0
ERINA,1,1,3733319,no,0
ES23,1,1,4250258,no,0
"ETERNVL SVDNESS, SVDNESSMANE",1,1,2244570,no,0
"EV, GRAY",1,1,3041459,no,0
EVANS BLUE,1,1,3568397,no,0
EXCAPE,1,1,5644539,no,0
EXILE,1,1,3575280,no,0
EZRA VINE,1,1,3156670,no,0
Eagle-Eye Cherry,1,1,3627240,no,0
Eamon,1,1,3465015,no,0
"Eanxel, First Blood",1,1,2208324,no,0
Earl,1,1,2737163,no,0
Earl Grey,1,1,5307691,no,0
Earl Sweatshirt,1,1,863035,no,0
Earth,1,1,5123121,no,0
Earth Crisis,1,1,3590488,no,0
Earth Wind & Fire,1,1,5421770,no,0
Earthling Scum,1,1,4639209,no,0
East Of The Wall,1,1,2076697,no,0
Eaves Wilder,1,1,3640931,no,0
"Eazy Mac, Teo Laza",1,1,2298834,no,0
Eazy-E,1,1,3163534,no,0
Ecchi.mp4,1,1,2820064,no,0
Echoberyl,1,1,3254433,no,0
Echoes of Old Stories,1,1,1134359,no,0
Echos,1,1,3790245,no,0
"Ed Rush, Nico",1,1,5929735,no,0
"Ed Solo, Mandidextrous, A Little Sound",1,1,5171356,no,0
Edamame,1,1,3017440,no,0
Eddie Murphy,1,1,3941769,no,0
Eddy Arnold,1,1,2398752,no,0
Eden,1,1,4225718,no,0
Eden Synthetic Corps,1,1,4154400,no,0
"Eden, Bladerunner",1,1,3488717,no,0
Edge of Paradise,1,1,3767344,no,0
Edie Bens,1,1,2933905,no,0
Edit V,1,1,4442787,no,0
Edith Whiskers,1,1,3094195,no,0
Edward Maya feat. Vika Jigulina,1,1,3227509,no,0
Edward Sharpe & The Magnetic Zeros,1,1,4792349,no,0
Eels,1,1,2816614,no,0
Eem Triplin,1,1,1802185,no,0
Eerie Heir,1,1,5836281,no,0
Ego Trippin,1,1,3483773,no,0
Egypt Central,1,1,3369254,no,0
"Egyptian Empire, Tim Taylor (Missile Records)",1,1,6077848,no,0
EileMonty,1,1,3952365,no,0
Einar Steen-Nokleberg,1,1,1348284,no,0
Ekko & Sidetrack,1,1,2473165,no,0
Ekonovah,1,1,2695244,no,0
"El Columpio Asesino, I Hate Models, Andre VII",1,1,5657856,no,0
Eladio Carrión,1,1,2356831,no,0
Elbow,1,1,6151360,no,0
"Electric Callboy, Electric Bassboy",1,1,2699545,no,0
Electric Enemy,1,1,2695666,no,0
Electric Lady,1,1,4430780,no,0
Electric Light Orchestra,1,1,4758383,no,0
Electric Mother,1,1,5642773,no,0
Electromancy,1,1,4603830,no,0
Eleisha Eagle,1,1,2468336,no,0
"Elena Kats-Chernin, Tamara-Anna Cislowska",1,1,3252969,no,0
Elena Riu,1,1,1645880,no,0
Eli Derby,1,1,2672731,no,0
Eli Josef,1,1,3397134,no,0
Elijah Bossenbroek,1,1,4884971,no,0
Elio Varesse,1,1,5342070,no,0
Elis Regina,1,1,2865901,no,0
Elise Ecklund,1,1,53159,no,0
Ella Henderson,1,1,2863774,no,0
Ella Mai,1,1,3965458,no,0
"Ella Vos,R3hab",1,1,3108101,no,0
"Ellen Allien, Ash Code",1,1,4800217,no,0
Ellie Manne,1,1,2669731,no,0
Ellis Dee,1,1,3552020,no,0
"Elmefti, Holy Priest",1,1,2374185,no,0
Elmiene,1,1,4165185,no,0
Elora Bonilla,1,1,2747742,no,0
Elsiane,1,1,3447124,no,0
Elton Castee,1,1,3080171,no,0
Elton Willis,1,1,4462725,no,0
Elvarhøi,1,1,7791537,no,0
Elvenking,1,1,5260813,no,0
Elvira,1,1,2535839,no,0
ElyOtto,1,1,1274093,no,0
Emdasche,1,1,7215902,no,0
Emeli Sandé,1,1,5140102,no,0
Emigrate,1,1,3166753,no,0
Emil Brandqvist,1,1,3847662,no,0
Emile Naoumoff,1,1,2238514,no,0
"Emily Makis, Dux n Bass, Dread MC",1,1,2903989,no,0
Emily Strang,1,1,2880603,no,0
Emma Czaplica,1,1,1412731,no,0
Emma Peters,1,1,3266548,no,0
"Emma Ruth Rundle, Thou",1,1,4950753,no,0
"Emmanuelle Bertrand, Pascal Amoyel",1,1,3224348,no,0
"Emmett Mulrooney, Sean Gerty",1,1,2783401,no,0
Emotional Oranges,1,1,3367424,no,0
Empire Of The Sun,1,1,3012707,no,0
"Empire Of The Sun, Southstar",1,1,3651877,no,0
Enduser,1,1,4627818,no,0
"Enei, DRS, SOLAH",1,1,2202942,no,0
"Enei, EN_VY",1,1,4277858,no,0
"Engelwood, Simon Eng",1,1,2187872,no,0
Ennio Morricone,1,1,3212195,no,0
Ensemble Serenata Genève,1,1,2326252,no,0
"Enter Shikari, Cody Frost",1,1,2979456,no,0
"Enter Shikari, Jason Aalon Butler, FEVER 333",1,1,2619675,no,0
"Enter Shikari, WARGASM (UK)",1,1,3588134,no,0
Enterprise Earth,1,1,3560084,no,0
Entrøpia,1,1,4899490,no,0
"Envious, Prxjek, EXINTOZ",1,1,2588568,no,0
Enzo Ferrari,1,1,1377466,no,0
Epectase,1,1,8983174,no,0
Erb n Dub,1,1,3767804,no,0
Eremit,1,1,27589567,no,0
Eric B & Rakim,1,1,4889258,no,0
Eric B And Rakim,1,1,4419756,no,0
Eric Clapton,1,1,4144258,no,0
Eric Zann,1,1,5141679,no,0
Erik Söderlind,1,1,2505764,no,0
Ernst Busch,1,1,3978045,no,0
Erock,1,1,4177772,no,0
Erotic Cafe',1,1,3256804,no,0
Erutan,1,1,2715773,no,0
Erzulie,1,1,3180022,no,0
Escape The Fate,1,1,4185392,no,0
Escaping Aghartha,1,1,26726130,no,0
Eskmo,1,1,2967640,no,0
Essenger,1,1,3144832,no,0
Essex,1,1,2303414,no,0
Essosa,1,1,2459854,no,0
Establish11,1,1,4042619,no,0
Estelle,1,1,4208909,no,0
Esthie,1,1,1581945,no,0
Eternal,1,1,3711890,no,0
Ethan Tasch,1,1,3997940,no,0
Ethereal Shroud,1,1,21332911,no,0
Etherwood,1,1,4513478,no,0
Ett Dödens Maskineri,1,1,1998703,no,0
Eugene Hutz,1,1,3686194,no,0
Eugene Migliaro Corporon,1,1,12366748,no,0
Europe,1,1,4816709,no,0
Eva808,1,1,4356316,no,0
Evan Honer,1,1,2382141,no,0
Evann McIntosh,1,1,4175643,no,0
Evening Tales from the Stars,1,1,2630057,no,0
Ever So So Deep,1,1,4107112,no,0
Everbeing,1,1,3885171,no,0
Everson Poe,1,1,9919704,no,0
Every Avenue,1,1,3397750,no,0
Everyone Everywhere,1,1,5325978,no,0
Evgeny Kissin,1,1,5973867,no,0
Evilmane,1,1,2274456,no,0
Evilwave,1,1,4619474,no,0
Ewig.Endlich_,1,1,8108156,no,0
Ex Hex,1,1,1846171,no,0
Ex Machina,1,1,3733889,no,0
Excel,1,1,3766326,no,0
"Excel, profile",1,1,3850051,no,0
Exile,1,1,4172488,no,0
Exodus Era,1,1,4262366,no,0
Extravision,1,1,3138417,no,0
Exulansis,1,1,12090033,no,0
Exzakt,1,1,4209558,no,0
"EyeKeem, KORNDAWG, ACOT",1,1,2667548,no,0
Eyes Like Midnight,1,1,2793729,no,0
"Eyez, Zdot",1,1,2066694,no,0
Ezi,1,1,3390660,no,0
Ezio Bosso,1,1,3284043,no,0
Ezra Furman,1,1,3674270,no,0
"Ezra Lewis, Lowgo",1,1,2704381,no,0
Ezra williams,1,1,1731042,no,0
F.O.O.L & Waveshaper,1,1,5264517,no,0
FAIM,1,1,2129360,no,0
FARAH,1,1,3872416,no,0
FATE,1,1,2990930,no,0
"FB Force, Ido Uzan, DeKay",1,1,4657459,no,0
FFF,1,1,5363453,no,0
FIDLAR,1,1,2169843,no,0
FIG,1,1,2488295,no,0
FILII NIGRANTIUM INFERNALIUM,1,1,3239351,no,0
"FILTHY HABITS, Jeopardize",1,1,3889321,no,0
"FLETCHER, Kito",1,1,3067586,no,0
"FMS, Chennerz",1,1,3114177,no,0
FRACTAL,1,1,9671332,no,0
"FRACTURE, Nah Eeto",1,1,3545353,no,0
FRENSHIP,1,1,3724632,no,0
FROMTHEHEART,1,1,1192674,no,0
FTO SETT,1,1,2088251,no,0
Fabiana Palladino,1,1,3062637,no,0
Fabrizio Paterlini,1,1,3272400,no,0
Facada,1,1,763920,no,0
Face To Face,1,1,3235214,no,0
Faderhead,1,1,4067804,no,0
Faetooth,1,1,4762936,no,0
FairyFlesh,1,1,2346181,no,0
Faithless,1,1,8010890,no,0
FalKKonE,1,1,6398920,no,0
Falco Di General,1,1,2595570,no,0
Falling Giants,1,1,10706760,no,0
"Falling in Reverse, Tech N9ne & Alex Terrible",1,1,3172778,no,0
Falloch,1,1,9831186,no,0
Fame on Fire,1,1,3683470,no,0
FamilyJules,1,1,4078861,no,0
Famous Last Words,1,1,3544632,no,0
Fan Sounds,1,1,2668860,no,0
Fana Hues,1,1,3336124,no,0
Fanatics,1,1,3934982,no,0
Fandroid!,1,1,2447280,no,0
Fangbanger,1,1,2933975,no,0
Fangclub,1,1,3101129,no,0
Fange,1,1,14019716,no,0
Fant4stik,1,1,3101825,no,0
"Fantasm, Innergate",1,1,6498964,no,0
Farbenflucht,1,1,5528904,no,0
Farseer,1,1,5251220,no,0
Fashion Bath,1,1,4161764,no,0
Fastbacks,1,1,3058950,no,0
Fat Nick,1,1,2560020,no,0
"Fatal-M, UMERTVIE",1,1,2776260,no,0
"Fatal-M, НОКТУ",1,1,2924908,no,0
Father,1,1,4261571,no,0
Fatima Hajji,1,1,2896401,no,0
Faze-O,1,1,5084312,no,0
Feastem,1,1,1122130,no,0
Featurecast,1,1,3178330,no,0
"Fedd the God, Chevy Woods, Wiz Khalifa",1,1,3164168,no,0
"Fedd the God, Wiz Khalifa",1,1,1954748,no,0
Fee Lion,1,1,4934855,no,0
Fee Lion feat. Chemise Cagoule,1,1,2261907,no,0
Feed Me,1,1,4158497,no,0
Feed Me Jack,1,1,2693765,no,0
Feelrs,1,1,1664587,no,0
Feet,1,1,2784324,no,0
Felipe Gordon,1,1,7053426,no,0
Felix,1,1,5163652,no,0
Felix & Jarvis,1,1,3602174,no,0
Felix Hagan & the Family,1,1,2787891,no,0
"Felix Mendelssohn, Fanny Mendelssohn; Takács Quartet",1,1,9333270,no,0
Felly,1,1,1950965,no,0
Felsenmirror,1,1,9371614,no,0
Femi Kuti,1,1,4964996,no,0
Feminizer,1,1,5006601,no,0
Fenrir,1,1,2565749,no,0
Feral,1,1,2894189,no,0
Fergie,1,1,4117966,no,0
Ferngazer,1,1,3925566,no,0
Fettes Brot,1,1,5831798,no,0
Fever Dolls,1,1,3186426,no,0
Fever Dreams,1,1,3430233,no,0
FiXT,1,1,3232158,no,0
Fiasko,1,1,3189904,no,0
Fifth Harmony,1,1,3339937,no,0
"Fifty Grand, VELVETEARS",1,1,4436295,no,0
"Figure, Dack Janiels",1,1,4143381,no,0
"Figure, Don't Kill It",1,1,3868464,no,0
Fiji Blue,1,1,2757105,no,0
"Filth, Nathan James",1,1,3479239,no,0
"Filth, Pleasure, Filth & Pleasure",1,1,7510597,no,0
Fin,1,1,4922131,no,0
Fin de siècle,1,1,3527921,no,0
Final Dose,1,1,2264048,no,0
Fiona Apple,1,1,5217731,no,0
Fireflight,1,1,3164401,no,0
"First Blood, Godfather twoX",1,1,2225056,no,0
"First Blood, Ross罗师",1,1,2225002,no,0
Fischerspooner,1,1,4404320,no,0
"Fishbone, NOFX",1,1,3916780,no,0
Fisher,1,1,2605999,no,0
Fit For Rivals,1,1,2754362,no,0
"Fitch, Hexl",1,1,4735788,no,0
Fitz and the Tantrums,1,1,3443961,no,0
Five,1,1,3899577,no,0
Five Suns,1,1,3242156,no,0
Five for Fighting,1,1,3248385,no,0
Flaming Lips,1,1,3976018,no,0
Flatline,1,1,3270114,no,0
Flattbush,1,1,2001136,no,0
Flava D,1,1,4173752,no,0
Flavia Cortez,1,1,2704331,no,0
"Fleurie, Legends of Runeterra",1,1,3477983,no,0
Flex Effect,1,1,3127155,no,0
"Flipper, Lezzeno",1,1,1946924,no,0
Flipturn,1,1,4720870,no,0
Flo Milli,1,1,2419576,no,0
"Florence + the Machine, Glass Animals",1,1,3242136,no,0
"Flowidus, T95, Dread MC",1,1,3773339,no,0
"Floxytek, Tanukichi, Usao",1,1,3398772,no,0
Fluke,1,1,4807745,no,0
"Flume, Toro Y Moi",1,1,2206643,no,0
Flumpool,1,1,5021904,no,0
Flux Pavilion,1,1,4916797,no,0
"Flux Pavilion, Matthew Koma",1,1,3162313,no,0
Flyana Boss,1,1,1721670,no,0
Flying Lotus,1,1,2952751,no,0
FlyxTheKid,1,1,2496259,no,0
Flóki,1,1,2850861,no,0
Foals,1,1,4023593,no,0
"Foes, Rendah",1,1,4105312,no,0
Foghat,1,1,3658290,no,0
Foie Gras,1,1,2668799,no,0
Follow The Cipher,1,1,4416976,no,0
FooR,1,1,4332599,no,0
"FooR, Acelin",1,1,3170209,no,0
"FooR, Effie",1,1,2797709,no,0
"FooR, Wavysof",1,1,2347014,no,0
Foot Ox,1,1,1589902,no,0
Foot Village,1,1,3508013,no,0
Forbidden,1,1,5533429,no,0
"Ford., Hanz",1,1,3353315,no,0
Foreign Air,1,1,3207523,no,0
Forever Starts Today,1,1,3934704,no,0
Forgotten Souls,1,1,3312490,no,0
Former,1,1,3853460,no,0
Formshift,1,1,4299867,no,0
"Formula, Blooom",1,1,4152337,no,0
"Formula, Drowzee, ReaKtiv",1,1,2669148,no,0
"Formula, SMG, Mandidextrous",1,1,4171078,no,0
"Formula, T-Lex",1,1,3806139,no,0
Forrest Day,1,1,3408138,no,0
"Forxst, JUTRØ",1,1,4106161,no,0
Foster The People,1,1,3520400,no,0
"Fountaindale, Little People",1,1,3716595,no,0
Fountains Of Wayne,1,1,3067847,no,0
Fourward,1,1,2859434,no,0
Fousheé,1,1,2217002,no,0
Fox The Fox,1,1,4626890,no,0
"Fraksure, Danger",1,1,4357238,no,0
Frances Forever,1,1,3594105,no,0
Francesco Berta,1,1,2885478,no,0
Francis Lalanne & Carré Blanc,1,1,3816839,no,0
Francisco,1,1,3481472,no,0
Franck,1,1,5686346,no,0
Franco,1,1,15529110,no,0
Francœur,1,1,4234861,no,0
Frank Braley,1,1,2328324,no,0
"Frank Iero, The Future Violents",1,1,3661831,no,0
"Frank Walker, Richard Judge",1,1,3366883,no,0
Frank Zappa & Captain Beefheart,1,1,5019405,no,0
Frankie Goes To Hollywood,1,1,3689868,no,0
Frankie Lymon,1,1,2055673,no,0
Frankie Lymon & The Teenagers,1,1,1697431,no,0
Frankie Rose,1,1,2950524,no,0
Frankie Smith,1,1,5114530,no,0
Frankie Valli,1,1,3217099,no,0
Franz Becker,1,1,3194760,no,0
Fraxriel,1,1,2560222,no,0
Frazer Ray,1,1,5355203,no,0
Freak Kitchen,1,1,4068658,no,0
Freak Power,1,1,3556221,no,0
"Freaks & Geeks, Ekko & Sidetrack",1,1,3160585,no,0
Fred Mitchell,1,1,2065651,no,0
Fred again,1,1,3485173,no,0
Fred again._,1,1,3614154,no,0
Fredag den 13_e,1,1,2809032,no,0
Freddie Mercury,1,1,3203757,no,0
Free Arlo,1,1,2709257,no,0
Free Nelson MandoomJazz,1,1,4049188,no,0
"French Montana, Nipsey Hussle, Wiz Khalifa, Big Sean",1,1,4621264,no,0
Freq Nasty,1,1,4034308,no,0
Friedberg,1,1,2523079,no,0
Frigoris,1,1,7308818,no,0
Frijid Pink,1,1,4449044,no,0
Froglady,1,1,2871356,no,0
From Sorrow to Serenity,1,1,3056554,no,0
Front Porch Step,1,1,3809297,no,0
Frozen Silence,1,1,2340097,no,0
"Frozen Soul, Dying Fetus",1,1,4214852,no,0
"Frozen Soul, Matthew K. Heafy",1,1,3912761,no,0
"Fugazi, ic3hoetel",1,1,2338309,no,0
Fugees,1,1,4406727,no,0
Fukkit,1,1,3249591,no,0
"Fukkit, Dutchman",1,1,2265201,no,0
Full Tac,1,1,1933342,no,0
Full of Scorpions,1,1,4532600,no,0
Fumihiko Takei,1,1,9419418,no,0
Funeral,1,1,5877709,no,0
Funeral Flowers,1,1,6521484,no,0
Funeral Revolt,1,1,3788953,no,0
Funeral Suits,1,1,4350046,no,0
Funk Freaks,1,1,3913596,no,0
Funk Tribu,1,1,4335405,no,0
Funkadelic,1,1,6893596,yes,7
Funky Destination,1,1,6713541,no,0
"FuntCase, Merky Ace",1,1,4158427,no,0
Future Of The Left,1,1,3462208,no,0
"Future Twist, David Vance",1,1,5049294,no,0
"Future, Juice WRLD",1,1,2998532,no,0
"Futurebound, BMotion, TanTron",1,1,3529921,no,0
Fuzzbox,1,1,3533997,no,0
G Herbo,1,1,3569470,no,0
G-Space,1,1,2795804,no,0
GAITS,1,1,3621945,no,0
GGGOLDDD,1,1,3425433,no,0
GHOSTEMANE,1,1,2423562,no,0
GIRLI,1,1,3443808,no,0
GIVEN,1,1,3156966,no,0
"GPF, DJ Myosuke, Joe Fight",1,1,2100462,no,0
GRANRODEO,1,1,4432687,no,0
GRAVEDGR,1,1,4607466,no,0
"GRAVEDGR, Blackworks",1,1,5585414,no,0
"GRAVEDGR, OGUZ, ANGEL CANNON",1,1,3817225,no,0
GRAVEROBBA,1,1,4372291,no,0
GRAVIT-E,1,1,4106030,no,0
"GRAViiTY, Tanukichi, Usao",1,1,3513702,no,0
"GRAY, A Little Sound, Joe Burn",1,1,4166712,no,0
"GRAY, Donae'o",1,1,3423837,no,0
"GRAY, Mozey",1,1,3427729,no,0
"GRAY, Ozone, Diagnostix",1,1,3100447,no,0
GREYISHERE,1,1,1903734,no,0
GRRL,1,1,3338077,no,0
GRUNK,1,1,590931,no,0
GRXGVR,1,1,2997814,no,0
"GRiZ, Wreckno",1,1,2938939,no,0
GUDFELLA,1,1,3338625,no,0
"GULLYSPiT, Istasha",1,1,3339710,no,0
GXNRC,1,1,3764205,no,0
"GXTP, Santana, Killer Mike",1,1,3369827,no,0
GaMetal,1,1,2956206,no,0
Gabbie Hanna,1,1,1491845,no,0
"Gabe Lee, Rylie Bourne, Lucciana Costa",1,1,3812891,no,0
Gabriel Fauré,1,1,2834428,no,0
Gabriel Kahane,1,1,8499055,no,0
"Gail, Dreadnaught",1,1,3771408,no,0
Gala,1,1,3131676,no,0
"Galantis, Dolly Parton",1,1,2940101,no,0
Gallows,1,1,3927453,no,0
"Gancher, Ruin",1,1,4522016,no,0
Gang of Youths,1,1,6483658,no,0
Gangrena Gasosa,1,1,3153148,no,0
Gareth Coker,1,1,1088319,yes,51
"Gary Clark Jr., Junkie XL",1,1,3021747,no,0
"Gary Clark Jr., The Roots",1,1,4242000,no,0
Garçons,1,1,4097817,no,0
Gasbrand,1,1,3857443,no,0
GeSt,1,1,3844388,no,0
"Gecha, 3000 Bass",1,1,4147780,no,0
Geek Music,1,1,3326041,no,0
Geese,1,1,2702492,no,0
Gemini Aaliyah,1,1,1868899,no,0
Gender Chores,1,1,3312249,no,0
Gene Ammons All Stars,1,1,2984612,no,0
Gene Vincent,1,1,1906675,no,0
General Public,1,1,3237125,no,0
Generals of Monrovia,1,1,2015926,no,0
"Gentlemens Club, Gray",1,1,3881545,no,0
"Gentlemens Club, MPH",1,1,2482122,no,0
Genus Ordinis Dei,1,1,4314565,no,0
Geoff Zanelli,1,1,5234071,no,0
George Alec,1,1,3049584,no,0
George Duke,1,1,5431664,no,0
George Ezra,1,1,3073105,no,0
George Jones,1,1,3066823,no,0
Georges Moustaki,1,1,4430901,no,0
"Georgie Riot, Gouki",1,1,4076928,no,0
"Gerda, Conway The Machine, Gringo, OG Keemo",1,1,3219205,no,0
Germaine Montero,1,1,3474080,no,0
Gerra & Stone,1,1,4280566,no,0
Gerry Rafferty,1,1,5677602,no,0
"Getty, Srav3R, Dj Noriken",1,1,4207952,no,0
Ghost Anthem,1,1,3363280,no,0
Ghost Town,1,1,3317277,no,0
Ghostboi,1,1,2740346,no,0
Ghostbound,1,1,5274185,no,0
"Ghostemane, Scarlxrd",1,1,2668039,no,0
"Ghostemane, Shakewell, Pouya, Erick The Architect",1,1,3063227,no,0
"Ghostemane,Pharaoh",1,1,1892841,no,0
"Ghostface Playa, fkbambam",1,1,2248875,no,0
Ghoul,1,1,3413885,no,0
Ghoultown,1,1,5692938,no,0
"Ghøstkid, INHUMAN, Code_Pandorum",1,1,2934308,no,0
Gianni & Kyle,1,1,2742242,no,0
Gidge,1,1,6138317,no,0
Giganti,1,1,4211968,no,0
Gilbert Cox,1,1,2398174,no,0
Giles Corey,1,1,5741110,no,0
Gilla Band,1,1,5810620,no,0
Gillian Hills,1,1,1492643,no,0
Gilligan Moss,1,1,3795490,no,0
"Gino, Inja",1,1,2763917,no,0
"Gino, MC Spyda",1,1,2365044,no,0
"Gino, P Money",1,1,2944794,no,0
Giorgio Moroder,1,1,2767617,no,0
Girl Cologne,1,1,2834604,no,0
"Girl Talk, Wiz Khalifa, Big K.R.I.T_",1,1,2873922,no,0
Girll Codee,1,1,2652653,no,0
Girls At Our Best!,1,1,1888846,no,0
Giuseppe Califano,1,1,3357676,no,0
Giver,1,1,2477178,no,0
Glacial Tomb,1,1,3481602,no,0
Gladys Knight And The Pips,1,1,4361394,no,0
"Glass Animals, Albert Hammond Jr.",1,1,3935026,no,0
"Glass Animals, Bree Runway",1,1,2743037,no,0
"Glass Animals, Denzel Curry",1,1,3436618,no,0
"Glass Animals, Denzel Curry, Oliver Malcolm",1,1,2582194,no,0
"Glass Animals, Jakwob",1,1,3499980,no,0
"Glass Animals, Joey Bada$$",1,1,3272031,no,0
"Glass Animals, Mura Masa",1,1,3563717,no,0
"Glass Animals, Parra for Cuva",1,1,3591530,no,0
Glass Beams,1,1,3053496,no,0
Gli Alberi,1,1,3692640,no,0
"Glider, Jack Conte",1,1,1888287,no,0
Glitch Gum,1,1,2222928,no,0
Global Deejays,1,1,2968938,no,0
Globus,1,1,5591301,no,0
Gloriana,1,1,3239373,no,0
Glüme,1,1,3424079,no,0
"Gnarls Barkley, Cee-Lo Green, Danger Mouse",1,1,2789080,no,0
Goatfather,1,1,4141645,no,0
God Body Disconnect,1,1,7978172,no,0
GodBlessTheKid,1,1,1470123,no,0
"Goddard., Greentea Peng",1,1,2844861,no,0
"Goddard., Megan Linnell",1,1,3303444,no,0
Godly the Ruler,1,1,1860126,no,0
"Gojira, Marina Viotti & Victor Le Masne",1,1,2809705,no,0
Goldie Alexander,1,1,5785301,no,0
"Goldie, Commix",1,1,5312610,no,0
Gonjasufi,1,1,3258874,no,0
Good Rzn,1,1,3318317,no,0
Good With Grenades,1,1,2772278,no,0
Goodbye June,1,1,3436748,no,0
Gost,1,1,4110854,no,0
"Gouki, Denver UK, Zapya",1,1,2749277,no,0
"Gouki, G3MC",1,1,2022585,no,0
Grace Carey,1,1,3331637,no,0
Grace Mitchell,1,1,3089599,no,0
Grady,1,1,2862656,no,0
Graeme Revell,1,1,4094364,no,0
Grammar Boy,1,1,2642673,no,0
Grandmaster Flash,1,1,4067327,no,0
Grandmaster Flash And The Furious Five,1,1,3062534,no,0
"Grandson, DREAMERS",1,1,2489984,no,0
"Grandson, K.Flay",1,1,3160671,no,0
"Grandson, Mob Rich",1,1,2539482,no,0
Grass Widow,1,1,2152173,no,0
Gravecarver,1,1,3690258,no,0
Graves at Sea,1,1,10306643,no,0
Graveyardguy,1,1,3520002,no,0
Greaseball,1,1,2200199,no,0
Great Big Sea,1,1,1806703,no,0
Great White,1,1,5030647,no,0
Greek,1,1,2898715,no,0
Greenwitch,1,1,3469049,no,0
Greer,1,1,3197716,no,0
Gremwave,1,1,2867579,no,0
Grendel's Sÿster,1,1,3894532,no,0
Greta Van Fleet,1,1,3562399,no,0
Grey Code,1,1,3043950,no,0
Gridlok,1,1,4954493,no,0
"Gridlok, Hybris",1,1,5489325,no,0
"Gridlok, Misanthrop",1,1,3256867,no,0
Grief Ritual,1,1,3799911,no,0
"Grieves, Prof, Pants",1,1,1681329,no,0
Griff,1,1,2789992,no,0
"Grima x Azza, Blacks, Eksman",1,1,3517304,no,0
"Grima x Azza, Complex, TNA",1,1,3191228,no,0
"Grima x Azza, Mr Traumatik, Devilman",1,1,3089634,no,0
"Grima x Azza, P Money, Mr Traumatik",1,1,4312080,no,0
"Grima x Azza, P Money, Shakes",1,1,3787754,no,0
"Grimes, i_o",1,1,3469008,no,0
"Grinder, MNTL",1,1,4233388,no,0
Grip,1,1,2824047,no,0
Grissini Project,1,1,5480669,no,0
Grits,1,1,3573769,no,0
Grizfolk,1,1,3185462,no,0
Grocer,1,1,2794615,no,0
Groove Dealers,1,1,1608074,no,0
"Grover Washington, Jr_",1,1,6906126,no,0
Grrrl Gang,1,1,1398832,no,0
Grumpy Plum,1,1,2691923,no,0
Grupo Frontera,1,1,2923136,no,0
Gsco,1,1,4585921,no,0
Gudboy,1,1,2172252,no,0
Guillemots,1,1,4549727,no,0
Guiseppe Amilcare,1,1,2010434,no,0
Guitar Hero,1,1,2675985,no,0
Guru Josh Project,1,1,3027150,no,0
Gus Dapperton,1,1,3147231,no,0
Gustaf,1,1,2533440,no,0
Guttermouth,1,1,1847038,no,0
Guy Mitchell,1,1,2710610,no,0
"Gydra, Ihr, Nuvertal",1,1,3481439,no,0
Gypsy Brown,1,1,4183165,no,0
GÅEL,1,1,2360735,no,0
G‐Eazy,1,1,4202613,no,0
G‐Eazy & Kehlani,1,1,3809461,no,0
H-Town,1,1,5178037,no,0
H1Z1,1,1,4108680,no,0
HANDSXFEET,1,1,1728464,no,0
"HEALTH, Ghostemane",1,1,1899809,no,0
"HEALTH, Perturbator",1,1,2576213,no,0
HELLYEAH,1,1,4266321,no,0
HELOSPHERE,1,1,3285785,no,0
"HIGHSOCIETY, Coping Method",1,1,3063531,no,0
HIPPØ & THE JACKET,1,1,3373545,no,0
HIRIE,1,1,3119998,no,0
HIXTAPE,1,1,4351852,no,0
HK & LES SALTIMBANKS,1,1,6387820,no,0
HK et les saltimbanks,1,1,8022581,no,0
HOUSEWIFE9,1,1,2578434,no,0
HUGEL,1,1,2518972,no,0
"HVDES, ATLAST",1,1,3350952,no,0
HXDVKILLA,1,1,2513109,no,0
HXIST,1,1,5951681,no,0
HXNJV,1,1,4818907,no,0
HXSTAGE,1,1,2021757,no,0
Haarper,1,1,1882232,no,0
"Haarper, luga",1,1,2126687,no,0
Habak,1,1,5008898,no,0
Hades,1,1,4643486,no,0
Hadouk Trio,1,1,9984268,no,0
Haezer,1,1,1561910,no,0
Haggus _ Bob Plant,1,1,1219314,no,0
Haiden Henderson,1,1,2990918,no,0
"Hailee Steinfeld, Grey, ZEDD",1,1,4474940,no,0
Hailey Whitters,1,1,2972684,no,0
Hailsteel,1,1,2895133,no,0
"Hairitage, Rico Act",1,1,3141080,no,0
"Halestorm, I Prevail",1,1,4226741,no,0
Haley Mae Campbell,1,1,3135952,no,0
Halflives,1,1,3171432,no,0
Hallo Venray,1,1,4394099,no,0
Halocene,1,1,3085054,no,0
Halogenix,1,1,3188344,no,0
"Halogenix, Imanu",1,1,3831543,no,0
"Hamdi, LYNY",1,1,3666532,no,0
"Hamdi, P Money",1,1,2961256,no,0
Hamilton Jones,1,1,4441831,no,0
Hammathaz,1,1,3759205,no,0
Hammerfall,1,1,4229629,no,0
Hamses,1,1,7032245,no,0
"Hamses, Jimmy Danger",1,1,3405585,no,0
Hana,1,1,5077442,no,0
"Hancı, Unleashed",1,1,2561032,no,0
Handsome Boy Modeling School,1,1,4515516,no,0
Hank Thompson,1,1,2208574,no,0
Hannah Diamond,1,1,4075593,no,0
Hannah Stater,1,1,3667920,no,0
Hans Lazer Alien Slam,1,1,2786101,no,0
Harakiri for the Sky,1,1,8628736,no,0
"Hardo, Wiz Khalifa",1,1,2869834,no,0
"Hardwell, Deorro, MAKJ",1,1,2428199,no,0
"Hardwell, Mike Williams",1,1,2935608,no,0
"Hardwell, Quintino",1,1,2325088,no,0
"Hardwell, Thomas Newson",1,1,2886319,no,0
Harmony,1,1,5257488,no,0
Harmony & Extreme,1,1,4432309,no,0
Harriet Krijgh,1,1,3698453,no,0
"Harriet Krijgh, Kamilla Isanbaeva",1,1,3296022,no,0
Harry Kalahiki,1,1,2368134,no,0
Hashim,1,1,5299537,no,0
Have A Nice Life,1,1,9057407,no,0
Havelin,1,1,3033617,no,0
Hawk,1,1,3215350,no,0
Hawkestrel,1,1,4007474,no,0
Hawthorne Heights,1,1,3805274,no,0
Hayley Warner,1,1,3808050,no,0
Hayley Williams,1,1,3079855,no,0
Hayseed Dixie,1,1,3505858,no,0
Haze Mage,1,1,4477952,no,0
Hazel Dickens,1,1,2688785,no,0
Hazlett,1,1,3313860,no,0
Hdpurely,1,1,2008714,no,0
Head Splitter,1,1,3727324,yes,2
Headroom,1,1,3308446,no,0
Healer Selecta,1,1,3013958,no,0
Heatwave,1,1,4733284,no,0
Heaven 17,1,1,3325971,no,0
Heaven Shall Burn,1,1,5204697,no,0
Heavenly,1,1,2587680,no,0
Heavy D & The Boyz,1,1,3994564,no,0
Heavy Harvest,1,1,4250798,no,0
Heavy Heavy Low Low,1,1,2152704,no,0
Heavy Temple,1,1,4970295,no,0
Heccra,1,1,1938166,no,0
"Hector Berlioz; London Symphony Orchestra, Sir Colin Davis",1,1,5835108,no,0
"Hedex, Eksman",1,1,2247625,no,0
"Hedex, Tion Wayne",1,1,2482010,no,0
Hedley,1,1,3095838,no,0
Heikki L_,1,1,5590726,no,0
Heimanu,1,1,4320862,no,0
Hein Talbot,1,1,2115419,no,0
Heir,1,1,8339942,no,0
"Helene Fischer, Queen, Adam Lambert",1,1,3820993,no,0
Helix,1,1,3703183,no,0
Hell Ever After,1,1,5114683,no,0
Hellburst,1,1,4504011,no,0
Hellish Form,1,1,11494408,no,0
Hello Forever,1,1,2773808,no,0
Helloween,1,1,3661625,no,0
Heltekvad,1,1,5249482,no,0
Hemlocke Springs,1,1,3481323,no,0
Henry Hall,1,1,2221168,no,0
"Henry Jackman, Limp Bizkit",1,1,3560150,no,0
"Henry Wu, Banton",1,1,4188730,no,0
Herb Alpert,1,1,2606284,no,0
"Herbz, Jaybee (UK)",1,1,3723821,no,0
Herman Anderson,1,1,5064125,no,0
Hermitude,1,1,4523650,no,0
Herta,1,1,5174973,no,0
"Hex Cougar, Lizdek",1,1,3733750,no,0
Hex Minora,1,1,4938169,no,0
Hexenschorf,1,1,4220690,no,0
Hey Monday,1,1,3101995,no,0
Hi I'm Ghost,1,1,2386874,no,0
"Hi, I'm Chris",1,1,3071288,no,0
"Hi-Rez, Only For The Fans, Wiz Khalifa",1,1,2730903,no,0
"Hidden Axis, Memory Thorn",1,1,3078610,no,0
Hidden Mothers,1,1,6038539,no,0
Hideki Naganuma,1,1,3133796,no,0
Hierophant,1,1,3056140,no,0
"High Contrast, Bou",1,1,4951681,no,0
High Frequency (UK),1,1,4301912,no,0
High Rankin,1,1,3750753,no,0
High Vis,1,1,3005227,no,0
Highway Sniper,1,1,1827457,no,0
Hikaru Shirosu,1,1,2630612,no,0
Hilary Duff,1,1,3285365,no,0
Hindarfjäll,1,1,4653454,no,0
Hirux,1,1,1028297,no,0
"Hit-Boy, Bluebucksclan, Wiz Khalifa",1,1,3030052,no,0
Hiverlucide,1,1,16394972,no,0
Hiérophante,1,1,2158922,no,0
Hkmk,1,1,2571149,no,0
"Ho99o9, COLORS",1,1,4805351,no,0
"Ho99o9, Ghostemane",1,1,4303048,no,0
Hole in the Garden,1,1,6624213,no,0
Holiday Mountain,1,1,3067188,no,0
Hollow Front,1,1,4503477,no,0
Hollywood Ending,1,1,3681202,no,0
"Hollywood Undead, Imanbek",1,1,3070296,no,0
"Holy Goof, NotioN",1,1,2988210,no,0
Holy Other,1,1,3326194,no,0
"Holy Priest, Elmefti",1,1,2351450,no,0
"Holy Priest, Elmefti, Faceless",1,1,4793982,no,0
"Holy Priest, Krowdexx",1,1,2801893,no,0
"Holy Priest, Manji",1,1,2564447,no,0
"Holy Priest, Nico Moreno, Warface",1,1,3064505,no,0
Holysseus Fly,1,1,3148148,no,0
Hombres G,1,1,3883250,no,0
Homeskin,1,1,4982574,no,0
Hong Kong Express,1,1,3517921,no,0
Hoodie Allen,1,1,3049946,no,0
Hoodoo Gurus,1,1,2952727,no,0
Hoody,1,1,3715651,no,0
"Hooked Sounds, IZUK",1,1,4992023,no,0
Hookworms,1,1,5416338,no,0
Hoorsees,1,1,3152997,no,0
Hopeless,1,1,7225665,no,0
"Hopsin, Dizzy Wright, Jarren Benton",1,1,5627029,no,0
"Hopsin, The Future King",1,1,4759630,no,0
Hord,1,1,5084208,no,0
Hoshi,1,1,3743525,no,0
Hot Action Cop,1,1,3854207,no,0
Hot Chip,1,1,4406151,no,0
Hot Flash Heat Wave,1,1,3419814,no,0
Hot Milk,1,1,2792998,no,0
"Hotcaller, Who's The Killer",1,1,4010894,no,0
Hotel Ugly,1,1,2562509,no,0
Houndtrack,1,1,3211899,no,0
House of Harm,1,1,4522034,no,0
Houses,1,1,4065701,no,0
Hovert,1,1,6824399,no,0
Howie B,1,1,3658482,no,0
Howling Star,1,1,2773818,no,0
"Hozier, Nature",1,1,3160551,no,0
Hudson Lee,1,1,5970866,no,0
Huey Lewis & the News,1,1,3769451,no,0
Huga Gorka,1,1,2384000,no,0
"Hugh Jackman, Keala Settle, Zac Efron, Zendaya, The Greatest Showman Ensemble",1,1,4739077,no,0
Hugh Mundell,1,1,3298842,no,0
Human Serpent,1,1,4707528,no,0
Human Traffic,1,1,5034177,no,0
Humorus,1,1,2300612,no,0
Hundred Year Old Man,1,1,10350394,no,0
Hunter Hayes,1,1,3149658,no,0
Hunxho,1,1,3121418,no,0
Huoratron,1,1,5906162,no,0
"Hxstile, NERGRISEN",1,1,3114183,no,0
Hyper Go Go,1,1,4450689,no,0
Hyper On Experience,1,1,4704850,no,0
Hyperlynx,1,1,5070062,no,0
Hyperwülff,1,1,3642497,no,0
Hypho,1,1,6410653,no,0
Hypnatos,1,1,4975248,no,0
Häxa,1,1,3911916,no,0
Höhner,1,1,3117958,no,0
I am Sid,1,1,3244447,no,0
I'm a Really Good Rapper,1,1,1889478,no,0
I-20,1,1,3979128,no,0
I. JORDAN,1,1,5365069,no,0
ICED,1,1,2632777,no,0
"IDK, DMX",1,1,1790397,no,0
INJI,1,1,2432454,no,0
INTERWORLD,1,1,2254507,no,0
INXS,1,1,2814852,no,0
Iamdoomed,1,1,4574819,no,0
Ian Wong,1,1,2830143,no,0
"Ibaraki, Gerard Way",1,1,8684701,no,0
Ibi,1,1,4797667,no,0
"Ice Cube, Busta Rhymes, Killer Mike",1,1,3307212,no,0
"Ice Cube, Scarface",1,1,2213014,no,0
"Ice Spice, Nicki Minaj",1,1,2869052,no,0
Iceboy Ben,1,1,2586687,no,0
Icehouse,1,1,4900807,no,0
Icon Of Coil,1,1,5417304,no,0
Icona Pop,1,1,2462909,no,0
"Identified Patient, Sophie du Palais",1,1,4038061,no,0
"Idyllic, Komorebi, Whimsical",1,1,1777420,no,0
Iggy Azalea,1,1,2492017,no,0
Iggy Pop,1,1,4686780,no,0
Iggy and The Stooges,1,1,3503856,no,0
Ihascupquake,1,1,2196039,no,0
Ikarie,1,1,4576107,no,0
Ike And Tina Turner,1,1,3141774,no,0
Ildskær,1,1,6166867,no,0
"Illenium, Annika Wells",1,1,3841463,no,0
"Illenium, Call Me Karizma",1,1,3386218,no,0
"Illenium, Jon Bellion",1,1,3397309,no,0
"Illest Uminati, Jamie Madrox, Blaze Ya Dead Homie",1,1,3326426,no,0
Ilsa,1,1,5838406,no,0
"Imagine Dragons, Arcane, League of Legends",1,1,2706370,no,0
"Imagine Dragons, JID, Arcane, League of Legends",1,1,2692138,no,0
"Imagine Dragons, K.Flay",1,1,2979235,no,0
"Imagine Dragons, Kaskade",1,1,3043652,no,0
"Imagine Dragons, Khalid",1,1,3954564,no,0
"Imagine Dragons, Miss Congeniality",1,1,5437750,no,0
"Imagine Dragons, twocolors",1,1,4001797,no,0
"Imanbek, Wiz Khalifa, KDDK",1,1,2596353,no,0
"Imanu, Rhode",1,1,4346980,no,0
Imany,1,1,3459185,no,0
Impellitteri,1,1,2464382,no,0
Impetigo,1,1,2716175,no,0
In Love With a Ghost feat. Snail’s House,1,1,2969051,no,0
In Mourning,1,1,5827113,no,0
In Strict Confidence,1,1,5299024,no,0
In Verruf,1,1,6324340,no,0
"Ina Wroldsen, Alok",1,1,2944039,no,0
Incendiary,1,1,4142475,no,0
Inclination,1,1,2289547,no,0
India Thieriot,1,1,3138285,no,0
Indira Paganotto,1,1,5517575,no,0
Inexorum,1,1,4426924,no,0
Infant Island,1,1,4277038,no,0
Infatuation,1,1,3503080,no,0
Infekt,1,1,4295811,no,0
"Infernalizer, Neroargento, The Silverblack",1,1,3089578,no,0
"Infiltrata, SPL, Ewun, Counterstrike, Pacific, Psidream, T.Z.A., Evol Intent, Spor, demo",1,1,4576530,no,0
Infinite Bliss,1,1,8323829,no,0
Infrared,1,1,4280023,no,0
Infravision,1,1,6267354,no,0
Ingrid Andress,1,1,3369876,no,0
Ingrid Michaelson,1,1,3433090,no,0
Inja,1,1,907247,no,0
"Innate Your, Hunter Nelson",1,1,3934256,no,0
"Innate Your, Sploon",1,1,3503854,no,0
"Insane Clown Posse, DJ Paul, Stitches",1,1,7707426,no,0
"Insane Clown Posse, Whitney Peyton",1,1,2242738,no,0
"Insane Poetry, Jp Tha Hustler & Scum",1,1,3900854,no,0
"Insane Poetry, Shaw Monsta",1,1,2498027,no,0
"Insane Poetry, Smallz One, Damien Quinn",1,1,2823040,no,0
"Instrumental Core,Really Slow Motion",1,1,4403215,no,0
Integrity Music,1,1,4086522,no,0
"Intense, The Invisible Man",1,1,4982170,no,0
Internet Money,1,1,3041719,no,0
Invadable Harmony,1,1,982254,no,0
Inverted Candles,1,1,3725170,no,0
Invisible Man's Band,1,1,5992439,no,0
Invultation,1,1,2954022,no,0
"Inzo, Align, Pauline Herr",1,1,4099810,no,0
Iravu,1,1,6996238,no,0
Iris Lune,1,1,3749006,no,0
Iron Savior,1,1,4365068,no,0
Irontom,1,1,3442728,no,0
Irving Force,1,1,4432056,no,0
Isaac Turner,1,1,745233,no,0
Isaiah Warlock,1,1,3664033,no,0
Isata Kanneh-Mason,1,1,2958165,no,0
Ishome,1,1,4817269,no,0
Isis,1,1,7464805,no,0
"Iskia, Odyssy, Immy Odon",1,1,3741216,no,0
Isley Brothers,1,1,4154624,no,0
Issam Alnajjar,1,1,3292199,no,0
Itoko Toma,1,1,2228871,no,0
ItsLucid,1,1,3260693,no,0
Ivan B,1,1,2312494,no,0
Ivan Makvel,1,1,2956355,no,0
Ivan Moravec,1,1,2996552,no,0
"Ivy Lab, Two Fingers, Amon Tobin",1,1,3637395,no,0
Iya Terra,1,1,3332246,no,0
Iyaz,1,1,2811167,no,0
Izthmi,1,1,10274581,no,0
"J Balvin, Willy William, Hardwell, Quintino",1,1,2209765,no,0
"J Bookey, Callum Bishop, iLLA",1,1,3325628,no,0
"J Bookey, Dominator, Logan D",1,1,4064248,no,0
"J Hus, Drake",1,1,3007809,no,0
J-Walk,1,1,3404678,no,0
"J. Frank Wilson, The Cavaliers",1,1,1784758,no,0
J. Roddy Walston & The Business,1,1,3366515,no,0
JAE SOTO,1,1,2457878,no,0
JALO,1,1,5234210,no,0
"JALO, JAZZY",1,1,4160916,no,0
"JALO, NØVAR",1,1,6055431,no,0
"JAMES V, Marze",1,1,3731821,no,0
"JAMEZY, Comma Dee",1,1,3133719,no,0
"JAMEZY, Eksman, JMullaUK",1,1,3163642,no,0
JARV,1,1,2864334,no,0
"JAY Z, Linkin Park",1,1,2453186,no,0
"JAck The Ripper, MC Kolapse",1,1,4044132,no,0
"JAck The Ripper, Master Error",1,1,4046780,no,0
JESSIA,1,1,1871045,no,0
JFB,1,1,2625923,no,0
JJ Heller,1,1,4305777,no,0
JOIE GREY,1,1,3202375,no,0
JOY_,1,1,2479900,no,0
JP Saxe,1,1,3258785,no,0
JP Tha Hustler,1,1,2857089,no,0
JVLA,1,1,2491864,no,0
Jacidorex,1,1,5420722,no,0
Jack Harlow,1,1,1828283,no,0
Jack Kays,1,1,1929948,no,0
Jack Wins,1,1,2588288,no,0
"Jack Ü, Skrillex, Diplo",1,1,3910675,no,0
Jackal,1,1,3914446,no,0
Jackal and Hyde,1,1,5203759,no,0
Jacknife,1,1,3203604,no,0
Jacksepticeye & The Gregory Brothers,1,1,3418648,no,0
Jacksons & Mick Jagger,1,1,3812752,no,0
Jacob Baron,1,1,3565308,no,0
Jacob Collier,1,1,3632884,no,0
Jacob David,1,1,2146491,no,0
Jacob Tillberg,1,1,3353539,no,0
Jacques Greene,1,1,2649017,no,0
JadaL,1,1,2964739,no,0
Jade,1,1,4766748,no,0
Jadeci,1,1,3024186,no,0
"Jae Alaska, GULLYSPiT",1,1,2272504,no,0
"Jael, Sister Nancy",1,1,3407492,no,0
Jagged Edge,1,1,4168462,no,0
Jaguares,1,1,3629714,no,0
Jaira Burns,1,1,3137285,no,0
Jake Kaufman,1,1,3510363,no,0
Jake Webber,1,1,2217682,no,0
Jakes,1,1,4977879,no,0
Jalisa Rey,1,1,2260911,no,0
Jam Project,1,1,3563675,no,0
"Jam Thieves, Pollen Archive",1,1,4936170,no,0
James Bay,1,1,3375631,no,0
James Blunt,1,1,3297658,no,0
"James Hiraeth, DnB Allstars",1,1,3927903,no,0
"James Hiraeth, Local, BSEARL",1,1,2882736,no,0
James Mantis,1,1,2009902,no,0
James Marriott,1,1,2924725,no,0
James Newton Howard,1,1,3405023,no,0
James Quick,1,1,3016895,no,0
James Rhodes,1,1,3387786,no,0
James Taylor,1,1,3119974,no,0
"Jameston Thieves, Treovr",1,1,4101981,no,0
Jamies Elsewhere,1,1,2426335,no,0
Jan Lisiecki,1,1,6953425,no,0
Jan Vercauteren,1,1,5777863,no,0
Janani K. Jha,1,1,3269581,no,0
Jane Constance,1,1,3340608,no,0
Jane Siberry with K.D. Lang,1,1,4614862,no,0
Janet Jackson,1,1,6745545,no,0
Jantony,1,1,3883932,no,0
Jantsen,1,1,3924419,no,0
"Japanese Television, UNKLE",1,1,4683379,no,0
Jappa,1,1,4874828,no,0
"Jappa, Lupo",1,1,5035432,no,0
"Jappa, NV 33",1,1,3321659,no,0
"Jasmine Thompson, ZEDD",1,1,5371388,no,0
Jason & the Scorchers,1,1,2061483,no,0
Jason Aldean,1,1,3069575,no,0
Jason Mraz,1,1,3984158,no,0
"JasonMartin, DJ Quik, Wiz Khalifa",1,1,4131418,no,0
"JasonMartin, Wiz Khalifa",1,1,2242135,no,0
"Jauz,Megalodon",1,1,4212790,no,0
Jawny,1,1,2165600,no,0
Jaxon Wild,1,1,2513823,no,0
Jay Dunham,1,1,2931255,no,0
Jay Eazy,1,1,1657475,no,0
Jay Ray,1,1,3582355,no,0
Jay Sean,1,1,3298740,no,0
Jay Supreme,1,1,2299910,no,0
"Jay Tee, Mac Dre",1,1,3585175,no,0
Jay-Z & Linkin Park,1,1,4624406,no,0
"Jayline, Dutta",1,1,4998684,no,0
"Jayline, Mc Redz",1,1,4247712,no,0
Jaymes Young,1,1,3584763,no,0
Jayn,1,1,4425265,no,0
Jayron,1,1,4312125,no,0
"Jayron, GEWOONRAVES, Zentryc",1,1,4790249,no,0
Jean Baudin Clarke,1,1,4505594,no,0
"Jean Dawson, SZA",1,1,3242521,no,0
Jean Fines,1,1,4145397,no,0
"Jean-Guihen Queyras, BBC Symphony Orchestra, Jiří Bělohlávek",1,1,5744639,no,0
Jean-Jacques Lafon,1,1,2905060,no,0
"Jean-Louis Charbonnier, Paul Rousseau, Claire Giardelli, Mauricio Buraglia, Pierre Trocellier",1,1,2329363,no,0
Jean-Luc Ponty,1,1,4427373,no,0
"Jean-Pierre Rampal, Marielle Nordmann",1,1,3356257,no,0
Jean-Yves Thibaudet,1,1,4150511,no,0
Jeanette,1,1,3409128,no,0
Jeff Mills,1,1,3845016,no,0
Jeff Williams,1,1,4621225,no,0
Jeff Zavac,1,1,2010703,no,0
Jeffree Star,1,1,3381101,no,0
Jelani Aryeh,1,1,2575139,no,0
Jello Biafra with the Melvins,1,1,7404377,no,0
Jelly Roll,1,1,3237182,no,0
Jengi,1,1,3633095,no,0
Jenna Paulette,1,1,3086520,no,0
"Jennifer Lopez, Pitbull",1,1,3620001,no,0
Jennifer Loveless,1,1,6256107,no,0
Jeno Jando,1,1,4547037,no,0
Jenő Jandó,1,1,4209025,no,0
Jeong In Seong,1,1,2832867,no,0
Jeremih,1,1,3543675,no,0
"Jeremy Noller, Mangue Sylla",1,1,5169123,no,0
Jeroen van Veen,1,1,5143378,no,0
Jerry Bock,1,1,2663652,no,0
Jerry Butler,1,1,1969669,no,0
Jerry Goldsmith,1,1,1209217,no,0
Jerry Grannan,1,1,3019783,no,0
"Jesper Kyd, Assassin's Creed",1,1,3760834,no,0
Jesper Lindell,1,1,3611123,no,0
Jess Benko,1,1,4069746,no,0
"Jessaudrey, Svperior Dwells",1,1,3910692,no,0
Jesse McCartney,1,1,3221900,no,0
"Jesse Welles, Mt. Joy",1,1,2530308,no,0
Jessi,1,1,2541154,no,0
Jessie Paege,1,1,3268390,no,0
Jesslee,1,1,3181848,no,0
Jesus Sister,1,1,1361003,no,0
Jetty Bones,1,1,2848174,no,0
Jewel,1,1,5354426,no,0
Jewels & Dreams,1,1,3066942,no,0
"Jeymes Samuel, Doja Cat, Kodak Black",1,1,4010699,no,0
"Jigitz, tabi",1,1,1924601,no,0
Jim Croce,1,1,3032593,no,0
Jim Peterik,1,1,4985007,no,0
Jim Wynn,1,1,4971931,no,0
Jimmy Buffett,1,1,3901418,no,0
Jimmy Fallon featuring John Rich,1,1,2571941,no,0
"Jimmy J, Cru-l-t",1,1,5829302,no,0
Jimmy Ross,1,1,6758374,no,0
Jimmy Urine,1,1,3908818,no,0
Jimmy Wahlsteen,1,1,1369303,no,0
Jin,1,1,3680654,no,0
Jinjer,1,1,5075106,no,0
JoAnn Falletta,1,1,2754012,no,0
JoJo Siwa (Kids),1,1,3267556,no,0
Joachim Witt,1,1,4506659,no,0
Joan Osborne,1,1,4560596,no,0
Joann,1,1,7115423,no,0
Joanna Sternberg,1,1,1440204,no,0
Joanna Wang,1,1,4129273,no,0
Jody Watley,1,1,3737014,no,0
"Joe Ford, Celldweller",1,1,5715788,no,0
Joe Public,1,1,3988656,no,0
"Joe, Van1llaUnicorn",1,1,2169349,no,0
"Joe, avrws, KITE!",1,1,3605354,no,0
Joey Beltram,1,1,5609021,no,0
Joey Myron,1,1,1997227,no,0
"Johannes Brahms; Emanuel Ax, Isaac Stern, Jaime Laredo, Yo‐Yo Ma",1,1,27251147,no,0
John Abercrombie,1,1,4378775,no,0
John B,1,1,6976672,no,0
John Glacier,1,1,1964315,no,0
"John K, Kelsea Ballerini",1,1,2187729,no,0
John Lee Hooker,1,1,2220780,no,0
John Mellencamp,1,1,4365023,no,0
"John Pattern, Jonah Kest",1,1,3110484,no,0
"John Q Irritated, Dirk Hess, Boozoo Bajou",1,1,5367704,no,0
"John Summit, HAYLA, ZEDD",1,1,4494932,no,0
John de Sohn,1,1,2800091,no,0
John-Allison Weiss,1,1,2601919,no,0
Johnny Cash & The Tennessee Two,1,1,2505392,no,0
Johnny Stimson,1,1,2330466,no,0
Joker,1,1,5271304,no,0
"Joker GF, Minutemen",1,1,2335129,no,0
Jokers Of The Scene,1,1,6333471,no,0
Jon Batiste,1,1,2882617,no,0
Jon Belle,1,1,3040730,no,0
Jon Cozart,1,1,2664192,no,0
Jon Hassell,1,1,10582415,no,0
Jon Lemon,1,1,2453930,no,0
Jon Winterstein,1,1,2722717,no,0
"Jon Z, Snoop Dogg, Wiz Khalifa",1,1,2828470,no,0
Jonathan Davis,1,1,3153782,no,0
Jonny Southard,1,1,2362109,no,0
JonnyBDope,1,1,995035,no,0
"Jony Shelby, Empress Linoleum",1,1,3156440,no,0
Joony,1,1,2182324,no,0
Jordan Clarke,1,1,2743228,no,0
Jordan Expression,1,1,2802130,no,0
Jordan Sweeto,1,1,2690758,no,0
Jordi,1,1,3514487,no,0
Jordy Searcy,1,1,3578306,no,0
Jorge Aguilar II,1,1,3147753,no,0
Jory Boy,1,1,3607607,no,0
Jose Feliciano,1,1,2876836,no,0
Joseph Banowetz,1,1,2979556,no,0
"Josh A, iamjakehill",1,1,2766444,no,0
Josh Gabriel,1,1,5049103,no,0
"Josh Jacobson, Treman",1,1,2206137,no,0
Josh Richards,1,1,2413029,no,0
Joshua Golden,1,1,2727580,no,0
Joshua Quimby,1,1,1719586,no,0
Joshua Ray Walker,1,1,2502974,no,0
José Padilla,1,1,6581376,no,0
Jotnarr,1,1,3754970,no,0
Joyner Lucas,1,1,4271362,no,0
"Jp Tha Hustler, Scum & Boondox",1,1,3444467,no,0
Jreg,1,1,1859979,no,0
Juan María Solare,1,1,2318866,no,0
Juanes,1,1,3651499,no,0
"Juche, Plastician",1,1,2467093,no,0
Juice,1,1,4015352,no,0
Juice Newton,1,1,3942217,no,0
"Juice WRLD, Clever & Post Malone",1,1,3740270,no,0
"Juice WRLD, Young Thug",1,1,2408573,no,0
Juicebox,1,1,3670866,no,0
"Juicy J, Project Pat, Wiz Khalifa",1,1,3063790,no,0
Julee Cruise,1,1,3600508,no,0
Juli,1,1,3074755,no,0
Julia Bondar,1,1,2917745,no,0
Julia Wolf,1,1,2420984,no,0
Julian Lloyd Webber,1,1,3807472,no,0
"Julie Bergan, R3HAB",1,1,2025425,no,0
"Julie Driscoll, Brian Auger, The Trinity",1,1,3215958,no,0
Julien-K,1,1,3698029,no,0
June McDoom,1,1,4458452,no,0
"June Miller, James Marvel, MC Mota",1,1,3619818,no,0
"June Miller, Teddy Killerz",1,1,4062455,no,0
Junglepussy,1,1,2933691,no,0
Junior Simba,1,1,2271006,no,0
Junk Mail,1,1,4553154,no,0
"Junk Mail, A.M.C",1,1,4235830,no,0
Junkie Kid,1,1,3666763,no,0
"Just Connor, Five Suns",1,1,3185659,no,0
Just Jungle,1,1,4571786,no,0
Just a Gent,1,1,4006448,no,0
"Justin Bieber, benny blanco",1,1,2255019,no,0
Justin Quiles,1,1,4224919,no,0
"JÅLØ, ØRBENYX",1,1,4127274,no,0
Jóhann Jóhannsson,1,1,2721528,no,0
Jörg Hilbert & Felix Janosa,1,1,4619500,no,0
"K Motionz, ArrDee, Riko Dan",1,1,2337377,no,0
"K Motionz, Comma Dee",1,1,3290066,no,0
"K Motionz, Duskee",1,1,5144607,no,0
"K Motionz, Emily Makis",1,1,3265126,no,0
"K Motionz, Songer",1,1,2280325,no,0
K Theory,1,1,3235044,no,0
"K-391, Alan Walker, Ahrix",1,1,2972879,no,0
"K-391, Alan Walker, Julie Bergan",1,1,3330221,no,0
K. McCarty,1,1,4011086,no,0
"K.A.A.N., ORBT",1,1,2429213,no,0
KAARAM,1,1,5133119,no,0
KAIBA,1,1,1496975,no,0
KALEO,1,1,3320874,no,0
KAM-BU,1,1,1777334,no,0
KANA-BOON,1,1,3725047,no,0
KAS_ST,1,1,6516999,no,0
KATTHEM,1,1,2566322,no,0
KATYA,1,1,2658112,no,0
KATworkshop,1,1,2402181,no,0
"KAYZO, Darko US, Scarlxrd",1,1,3993899,no,0
KBong,1,1,5490204,no,0
"KDot, Palizé",1,1,2552187,no,0
"KEM, Wiz Khalifa",1,1,3319871,no,0
KHEA,1,1,5410754,no,0
KL!P,1,1,4347290,no,0
KLF & Tammy Wynette_KLF & Tammy Wynette,1,1,3430098,no,0
KLĀPR,1,1,2972238,no,0
KNOX,1,1,2090771,no,0
"KOD.AMA, Bonobo",1,1,2744481,no,0
KREAM & Eden Prince feat. Louisa,1,1,2766887,no,0
KRS-One,1,1,3380969,no,0
KRS‐One,1,1,2708493,no,0
KURUPT FM,1,1,1765299,no,0
KVADRAT,1,1,6219886,no,0
KVÖL,1,1,3781976,no,0
Kaatayra,1,1,9065173,no,0
Kaboom Atomic,1,1,2744752,no,0
"Kadaver, Valk",1,1,3060191,no,0
Kage,1,1,3470062,no,0
Kagoshima Tangerine,1,1,6728327,no,0
Kaiser Chiefs,1,1,3167570,no,0
Kaizen,1,1,2768947,no,0
"Kajetan Wolas, Magiera",1,1,1774507,no,0
Kak Hatt,1,1,2582843,no,0
Kala Azar,1,1,5159285,no,0
"Kali Uchis, SZA",1,1,3687883,no,0
Kalifa,1,1,2451940,no,0
Kallaghan,1,1,3294889,no,0
Kallie Rock,1,1,3115571,no,0
Kamakaze,1,1,2597151,no,0
Kanashimi,1,1,3793224,no,0
Kane Strang,1,1,3118876,no,0
Kane and the Paraquat,1,1,4878311,no,0
"Kanine, A Little Sound",1,1,3197490,no,0
"Kanine, Arcando",1,1,2783383,no,0
"Kanine, Doktor",1,1,2989160,no,0
"Kanine, Durden",1,1,2240769,no,0
"Kanine, Elipsa",1,1,3214304,no,0
"Kanine, Gracie Van Brunt",1,1,3367223,no,0
"Kanine, Indi",1,1,3377083,no,0
"Kanine, MF VANDAL, Bizzare",1,1,3961845,no,0
"Kanine, Nu-La",1,1,2953405,no,0
"Kanine, P Money",1,1,3304677,no,0
"Kanine, Émilie Rachel",1,1,3308294,no,0
Kannibalen & Friends,1,1,4086821,no,0
Kaori Muraji,1,1,3259938,no,0
Kap Bambino,1,1,3181617,no,0
Karashnikov,1,1,3734739,no,0
"Kareful, Pholo",1,1,3579420,no,0
Kari Faux,1,1,2576205,no,0
Karl Jenkins,1,1,2408347,no,0
"Karley Scott Collins, Charles Kelley",1,1,2992658,no,0
Karma Fields,1,1,3765874,no,0
Karnstein,1,1,4187352,no,0
"Kasbo, Father Dude",1,1,3462477,no,0
"Kasbo, TENDER",1,1,3819303,no,0
Kash Kyla,1,1,2321295,no,0
Kaskade X Phoebe Ryan X LOKII,1,1,3278382,no,0
Kasra,1,1,4491120,no,0
"Kasra, S.P.Y",1,1,4775115,no,0
Kassa Overall,1,1,2686457,no,0
Kastra,1,1,2684563,no,0
Kastra feat. Linney,1,1,3214478,no,0
Kat Dahlia,1,1,3160184,no,0
Kat Von D,1,1,3985340,no,0
Kate Havnevik,1,1,7193824,no,0
Kate Stephenson,1,1,1808620,no,0
Katy Kirby,1,1,3518551,no,0
Katzenjammer,1,1,3701707,no,0
Kavinsky,1,1,4414215,no,0
Kavrila,1,1,2470306,no,0
Kay Kyser,1,1,2747814,no,0
Kaylee Bell,1,1,3086568,no,0
Kayzo,1,1,3935731,no,0
"Kayzo, Underoath",1,1,3516211,no,0
"Kayzo, calcium",1,1,2664395,no,0
Keane,1,1,3637605,no,0
Keep Shelly In Athens,1,1,2930850,no,0
Keina Suda,1,1,3261637,no,0
"Keith Mackenzie, Miggy",1,1,3276337,no,0
Keith Urban,1,1,3175683,no,0
"Kelvin 373, Waeys, Selecta J-Man",1,1,4000976,no,0
Kems,1,1,3117715,no,0
Ken Ashcorp,1,1,4756377,no,0
KenKode,1,1,3836525,no,0
Kendra Dantes,1,1,3153233,no,0
"Kendrick, Agent T",1,1,4071201,no,0
"Kendrick, Froidy, Big Lou",1,1,4116438,no,0
Keni Burke,1,1,4946384,no,0
Kenndog,1,1,2304263,no,0
Kenny Chesney,1,1,2847396,no,0
Kenny Elrod,1,1,3614889,no,0
Kenny Rogers,1,1,4067684,no,0
"KennyHoopla, Wiz Khalifa",1,1,2197545,no,0
Kenshi Yonezu,1,1,3682628,no,0
Kent Osborne,1,1,1104992,no,0
"Kent Osborne, Saliva Grey",1,1,2760933,no,0
Keny Arkana,1,1,5151691,no,0
Keppie,1,1,3722381,no,0
Kero One,1,1,3658699,no,0
Kevin Abstract,1,1,3034165,no,0
Kevin Johansen,1,1,4125627,no,0
Kevin MacLeod,1,1,4192582,no,0
Kevin Roldan,1,1,3215356,no,0
Kevin Rudolf,1,1,3629092,no,0
Kevin Rudolf feat. Lil Wayne,1,1,2950091,no,0
Keyes_,1,1,1917608,no,0
Keys N Krates,1,1,2582431,no,0
"Khai Dreams, FOREST",1,1,3186822,no,0
Khaled,1,1,4932400,no,0
Khazali,1,1,2706678,no,0
Khonsu,1,1,7367583,no,0
Khruangbin,1,1,5049314,no,0
Ki_Theory,1,1,4130434,no,0
Kiasmos,1,1,6564626,no,0
Kicked Off the Streets,1,1,2249823,no,0
Kid Cudi,1,1,3333046,no,0
Kid Quill,1,1,3705523,no,0
Kid Sistr,1,1,2637915,no,0
Kid Trash,1,1,1959056,no,0
Kids United,1,1,2738975,no,0
Kidzone,1,1,443340,no,0
Kiimi,1,1,3054986,no,0
Kill Bill_ The Rapper,1,1,2799660,no,0
Kill Ebola,1,1,1691748,no,0
Kill J,1,1,4486818,no,0
KillJoy,1,1,5233000,no,0
Killed By Deaf,1,1,3445939,no,0
"Killer Mike, Blxst, Offset",1,1,3214410,no,0
Killus,1,1,3550290,no,0
Kim Carnes,1,1,3535177,no,0
Kim Lenz and the Jaguars,1,1,1738341,no,0
Kina,1,1,2839654,no,0
Kindsight,1,1,3277377,no,0
Kinetic Pleasure,1,1,3609303,no,0
King Complex,1,1,2832099,no,0
King Crimson _ Robert Fripp,1,1,16586521,no,0
King Gnu,1,1,3011947,no,0
King Hannah,1,1,4911506,no,0
King Sunny Ade & His African Beats,1,1,7712817,no,0
King Tubby Meets Roots Radics,1,1,6801856,no,0
King Yosef,1,1,1514640,no,0
King's X,1,1,4255434,no,0
Kings Of Leon,1,1,3579011,no,0
"Kings Of The Rollers, Lydia Plain",1,1,3010536,no,0
"Kingston Sound System, The B-52's",1,1,4152427,no,0
Kinneret,1,1,3165311,no,0
Kippo,1,1,3549021,no,0
Kirara Magic Radio,1,1,3671818,no,0
Kiskadee,1,1,1963693,no,0
Kit Sebastian,1,1,3696230,no,0
Kitchen Cynics,1,1,5068406,no,0
Kitty Sucker,1,1,2535902,no,0
"Kleu, Filthy Philp",1,1,3167587,no,0
"Kleu, Isaac Maya",1,1,3432170,no,0
"Kleu, Leanne Louise",1,1,4296336,no,0
"Kleu, Zapya",1,1,3871805,no,0
Kngpn,1,1,2492849,no,0
Knife Party,1,1,4634390,no,0
Knox Fortune,1,1,3049593,no,0
"Koastle, DLG_",1,1,2526557,no,0
"Kobaryo, HYUN",1,1,2194314,no,0
Kobasolo,1,1,3976070,no,0
Kobosil,1,1,4655221,no,0
Koda,1,1,2606845,no,0
Kodeseven,1,1,3583824,no,0
Koka Mass Jazz,1,1,3595930,no,0
Koldovstvo,1,1,6808339,no,0
Komiko,1,1,5659092,no,0
"Komorebi, Idyllic, Shou",1,1,1740025,no,0
"Konceal, VersaVibe",1,1,3012767,no,0
Konflict,1,1,6576229,no,0
Kontravoid,1,1,3482144,no,0
Kool Keith,1,1,2358353,no,0
Kopps,1,1,3021937,no,0
"Kormz, Noxxic, Stillz",1,1,4160099,no,0
Kosmogyr,1,1,6673429,no,0
"Kotek, Littlemore",1,1,6226149,no,0
"Kottonmouth Kings, Saint Dog, Johnny Richter",1,1,3558538,no,0
Kove,1,1,3636883,no,0
Kowasu,1,1,2685350,no,0
Kozlov,1,1,5470439,no,0
"Kreator, Hiraes",1,1,4428829,no,0
"Kriminal, The Undercover Agent",1,1,6210802,no,0
Kris Kross,1,1,2793214,no,0
Kristin Hersh,1,1,3032780,no,0
Krolok,1,1,1737668,no,0
Kromozone,1,1,5634831,no,0
Kronstadt,1,1,5907258,no,0
Krooked Kings,1,1,4070947,no,0
Krust,1,1,7072790,no,0
"Krust, UNKLE",1,1,7647745,no,0
Kryn,1,1,4509729,no,0
Kréen,1,1,7721540,no,0
Kumarion,1,1,2877991,no,0
"Kumo, Teej",1,1,2890502,no,0
Kunning Fox,1,1,1554819,no,0
Kupla,1,1,2944068,no,0
Kurt Cobain,1,1,1511714,no,0
"Kurt Hugo Schneider, Austin Percario",1,1,3572393,no,0
Kurtis Blow,1,1,7116691,no,0
Kuwada,1,1,2875699,no,0
Kx5 feat. Hayla,1,1,4045684,no,0
"Kx5, deadmau5, Kaskade",1,1,3734865,no,0
Kyary Pamyu Pamyu,1,1,3321343,no,0
Kyddiekafka,1,1,2858537,no,0
Kygo & Chelsea Cutler,1,1,3518406,no,0
Kygo & Rita Ora,1,1,3661583,no,0
Kygo & Sasha Alex Sloan,1,1,3566748,no,0
Kygo feat. Ella Henderson,1,1,4282995,no,0
Kygo x Tina Turner,1,1,3364282,no,0
Kygo × Donna Summer,1,1,3258702,no,0
Kygo × Whitney Houston,1,1,3616147,no,0
"Kygo, Valerie Broussard",1,1,2845367,no,0
"Kygo, Whitney Houston",1,1,3601502,no,0
Kyle Dion,1,1,3147558,no,0
Kyle Landry,1,1,5589935,no,0
"Kyle McEvoy, RJD2, Wowflower",1,1,2757507,no,0
Kylie,1,1,3733240,no,0
Kylie Minogue,1,1,5540906,no,0
Kyo,1,1,2963867,no,0
Kyunchi,1,1,2545875,no,0
"Kürsk, Akouphenom",1,1,4584514,no,0
L 33,1,1,4736239,no,0
"L Double, Shy FX",1,1,4732300,no,0
L'Trimm,1,1,3733048,no,0
L.A. WITCH,1,1,3116313,no,0
"L.B. One, Datamotion, Perly I Lotry",1,1,3093890,no,0
L.E.S. Artistes,1,1,3524000,no,0
L.L. Cool J,1,1,3761973,no,0
"L8LOOMER, Doja Cat",1,1,3325155,no,0
L8NHTS,1,1,3018910,no,0
LA Priest,1,1,2635522,no,0
LABS och Körkollegiet,1,1,3341105,no,0
LADYBABY,1,1,4209026,no,0
LAKIM,1,1,3618704,no,0
LCD Soundsystem,1,1,5726376,no,0
LFO,1,1,3560709,no,0
LIL PHAG,1,1,2933594,no,0
LL Cool J,1,1,3562249,no,0
LMajor,1,1,5112134,no,0
LOCS,1,1,2418449,no,0
LOGIC,1,1,4126463,no,0
"LOSTBOYJAY, James Hiraeth",1,1,2796780,no,0
LOVE SEPT_,1,1,2547848,no,0
LS41,1,1,4827419,no,0
LSD,1,1,3017608,no,0
LSDXOXO,1,1,2246406,no,0
LU2K,1,1,4312344,no,0
LUND,1,1,3009484,no,0
LXXIV,1,1,3066916,no,0
LZNBY,1,1,27002757,no,0
La Canaille,1,1,4874349,no,0
La Caution,1,1,3033441,no,0
La Dispute,1,1,1517461,no,0
La Sera,1,1,2795682,no,0
La chanson des Gilets Jaunes,1,1,6107038,no,0
"LaRussell, Wiz Khalifa, Mike G Beatz",1,1,3208518,no,0
LaTour,1,1,4685851,no,0
Labelle,1,1,3753425,no,0
"Labrinth, Zendaya",1,1,3059589,no,0
Lacey Sturm,1,1,3945784,no,0
"Lady Gaga, BloodPop® & BURNS feat. Vitaclub",1,1,3532454,no,0
"Lady Gaga, BloodPop®, BURNS",1,1,3467866,no,0
"Lady Gaga, Gesaffelstein",1,1,3240384,no,0
"Lady Gaga, Weiß",1,1,5305278,no,0
Lady Maru,1,1,4779337,no,0
Ladysmith Black Mambazo,1,1,4546258,no,0
Lafame,1,1,2973845,no,0
Lah-Lah,1,1,1839080,no,0
Laid Back,1,1,3544423,no,0
Laidback Luke,1,1,4010036,no,0
Lakker,1,1,3914880,no,0
"Lamb of God, Kublai Khan TX, Malevolence",1,1,3770898,no,0
"Lamb of God, Megadeth",1,1,3453019,no,0
Lambrini Girls,1,1,2205343,no,0
Lameboysharp,1,1,2307390,no,0
Laments of Silence,1,1,3788110,no,0
Lamorn,1,1,3594375,no,0
Lando Chill,1,1,2769237,no,0
"Landon Ryle, Left Lucid",1,1,2999423,no,0
Landscape of Shadows,1,1,3264160,no,0
Landspeed,1,1,1968980,no,0
"Laney, Kendrick",1,1,4022389,no,0
Lankum,1,1,6617362,no,0
Lapis Lazuli,1,1,4198659,no,0
Lara Anderson,1,1,2819347,no,0
Lara Fabian,1,1,4955570,no,0
Larry Levan,1,1,6599808,no,0
"Lars Vaular, Röyksopp",1,1,2442818,no,0
Las Ketchup,1,1,3332428,no,0
Latitudes,1,1,6756083,no,0
"Latte, Toxinate",1,1,4889293,no,0
"Laur, Ck",1,1,1936287,no,0
"Laur, Feryquitous",1,1,2447804,no,0
"Laur, HYUN",1,1,2438518,no,0
"Laur, Juggernaut_",1,1,2203704,no,0
"Laur, M1shamo",1,1,2296701,no,0
"Laur, Team Grimoire, Sakuzyo",1,1,2860450,no,0
Laura Elliott,1,1,2787539,no,0
Lauren Babic,1,1,2842642,no,0
Lauren Sanderson,1,1,2348241,no,0
Laurent Garnier,1,1,13040147,no,0
Lav,1,1,2818447,no,0
Lavern Baker,1,1,1611268,no,0
Lawrence Burden,1,1,3068696,no,0
Lawrence Matthews,1,1,4250492,no,0
Lay Your Ghost,1,1,3791434,no,0
"Layo & Bushwacka, Paul Woolford",1,1,3112181,no,0
Layto,1,1,3126381,no,0
Lazerpunk x Rabbit Junk,1,1,5008015,no,0
Lazy Ghost,1,1,2895547,no,0
Lcy,1,1,3666542,no,0
Le Butcherettes,1,1,2122462,no,0
LeToya,1,1,3734949,no,0
Lead Belly,1,1,1838868,no,0
Lead Horizon,1,1,2385181,no,0
Leaders of the Lost,1,1,3741845,no,0
Leagues,1,1,3913101,no,0
Leah Mason,1,1,3586070,no,0
Leanna Firestone,1,1,3050590,no,0
Leat’eq,1,1,2733825,no,0
"Lecrae, Killer Mike, T.I_",1,1,3156394,no,0
Ledinsky,1,1,2501898,no,0
Lee Hazlewood,1,1,1097321,no,0
Lee Suhyun,1,1,2853573,no,0
Lee ‘Scratch’ Perry,1,1,3239591,no,0
Left Banke,1,1,2585711,no,0
"Left_Right, Dread MC, Bodyblow",1,1,4366889,no,0
"Left_Right, Just10",1,1,4863897,no,0
Leftfield,1,1,4656567,no,0
Leftover Crack,1,1,1733632,no,0
Leftöver Crack _ Citizen Fish,1,1,3341961,no,0
"Leighton, Jappa, JMan",1,1,4016636,no,0
"Lektrique, SWARM",1,1,4111995,no,0
Lemay,1,1,2753968,no,0
Lemondrop,1,1,3334947,no,0
Len Rhodes,1,1,3510896,no,0
"Lena Raine, Minecraft",1,1,2359749,no,0
Lenii,1,1,2051237,no,0
Lennie De Ice,1,1,4010451,no,0
"Lens, Lzee",1,1,2590200,no,0
Leo le Bug,1,1,4913877,no,0
Leon Haywood,1,1,5556831,no,0
Leon Thomas,1,1,3206852,no,0
Leon Vynehall,1,1,3942667,no,0
Leona Lewis,1,1,4409330,no,0
Leona Naess,1,1,4083724,no,0
Leonard Barton Trio,1,1,5206691,no,0
Leonard Rosenman,1,1,2834601,no,0
"Leprous, Musora Session",1,1,7022415,no,0
Les Amis d'ta femme,1,1,4173412,no,0
Les Cowboys Fringants,1,1,4824759,no,0
Lesley Gore,1,1,2122935,no,0
"Leslie Odom, Jr. × Sia",1,1,3333018,no,0
"Less Gravity, Year of the Knife",1,1,1537106,no,0
Lethal Bizzle,1,1,2245395,no,0
Letherette,1,1,2153486,no,0
Letoa,1,1,2572135,no,0
"Levela, Haribo",1,1,2671841,no,0
"Levn Mob, Wusta Culture",1,1,1970778,no,0
Lewberger,1,1,3410476,no,0
"Lewis Thompson, Clementine Douglas",1,1,2619151,no,0
Lexington Field,1,1,4338424,no,0
Leyla Blue,1,1,2776877,no,0
Leyla McCalla,1,1,3953028,no,0
Lhokanda,1,1,2165100,no,0
Lia Marie Johnson,1,1,3356752,no,0
Liana Flores,1,1,2245325,no,0
Lianne La Havas,1,1,3422903,no,0
Library Tapes,1,1,2191083,no,0
Lich King,1,1,3603322,no,0
Lichwood,1,1,3352974,no,0
Lick Back Organisation,1,1,4254291,no,0
Lick The Tins,1,1,3214229,no,0
Life Cried,1,1,4768077,no,0
Life Without Buildings,1,1,5031872,no,0
Light Asylum,1,1,4207906,no,0
Light Chaser,1,1,3224958,no,0
Liho,1,1,3906853,no,0
Lil Boodang,1,1,4033744,no,0
Lil Dann,1,1,2744877,no,0
Lil Gnar,1,1,1871331,no,0
Lil Jon & The East Side Boyz,1,1,5470904,no,0
"Lil Jon, Mac Dre",1,1,3397221,no,0
Lil Kapow,1,1,1102178,no,0
Lil Mariko,1,1,2395387,no,0
"Lil Peep, Lil Tracy",1,1,2347011,no,0
Lil Poverty Angels,1,1,1029093,no,0
Lil Revive,1,1,2021262,no,0
Lil Soda Boi,1,1,1954064,no,0
"Lil Tytan, Kinfolk Jon",1,1,2503472,no,0
"Lil Wayne, Wiz Khalifa & Imagine Dragons with Logic, Ty Dolla $ign & X Ambassadors",1,1,3956617,no,0
"Lil Wayne, Wiz Khalifa, Imagine Dragons",1,1,3796030,no,0
"Lil' Co, Killer Mike",1,1,3853620,no,0
Lilith Ai,1,1,2481360,no,0
Lillywood,1,1,2962058,no,0
Lily Allen,1,1,3261096,no,0
"Lily Madison, Zach Moon",1,1,3316585,no,0
Lily Rayne,1,1,2238894,no,0
Limbo,1,1,2640007,no,0
Limbo Slice,1,1,3004526,no,0
Lime,1,1,6840589,no,0
"Limitlezz, Shaggy",1,1,1914198,no,0
"Lin-Manuel Miranda, Mark Mancina, Disney",1,1,2564707,no,0
Lindemann,1,1,5409309,yes,9
Lindsay Schoolcraft,1,1,4173060,no,0
Lindsey Stirling & Royal & the Serpent,1,1,4072204,no,0
Line of Durin,1,1,3845769,no,0
Linus,1,1,2210346,no,0
Lionel Richie,1,1,5998709,no,0
Liquid Assassin,1,1,2845321,no,0
Liquid Assassin & Geno Cultshit,1,1,2269559,no,0
Lisa Lisa & Cult Jam,1,1,6543104,no,0
Lisa Livalli,1,1,3430962,no,0
Lisa Lugar,1,1,4324730,no,0
Lit Wilson,1,1,4765476,no,0
Little Eva,1,1,1740339,no,0
Little Hole Filled,1,1,5005362,no,0
Little Monarch,1,1,3010220,no,0
Live Solum,1,1,1643101,no,0
Livin' Joy,1,1,4128157,no,0
Living Colour,1,1,4625041,no,0
Livingmore,1,1,4003133,no,0
Liz,1,1,2911623,no,0
Liz Phair,1,1,3024411,no,0
Lizard Boy Original Cast,1,1,2267983,no,0
Lizz Robinett,1,1,2152379,no,0
Lizzy McAlpine,1,1,3623974,no,0
Lloyd Price,1,1,2709483,no,0
"LoVibes, Rip Myself",1,1,2589507,no,0
Local,1,1,2486914,no,0
"Local, 4K",1,1,2016338,no,0
Locust Leaves,1,1,7844103,no,0
"Lofi Fruits Music, Formal Chicken, Fets",1,1,1725359,no,0
Lollia,1,1,3362417,no,0
"Lollia, Sleeping Forest",1,1,5746062,no,0
Lonas Llewellynes,1,1,2166274,no,0
London Symphony Orchestra,1,1,3641751,no,0
Londonbeat,1,1,5259689,no,0
Lone Tusker,1,1,2929074,no,0
Lonely God,1,1,1048032,no,0
Lonely Playboy,1,1,1711364,no,0
Lontalius,1,1,1768449,no,0
Look Blue Go Purple,1,1,2750684,no,0
Looking Glass,1,1,2683811,no,0
Loowana,1,1,1756971,no,0
Lord Conrad,1,1,4755097,no,0
Lord Huron,1,1,3203107,no,0
Lord Swan3x,1,1,2709555,no,0
"Lorde feat. Khalid, Post Malone & SZA",1,1,3650212,no,0
Lorde feat. Run the Jewels,1,1,3588345,no,0
Lords Of Acid,1,1,3780552,no,0
Loreen,1,1,3061370,no,0
Loretta Lynn & Jack White,1,1,3556145,no,0
"Lorta, Sage, Devilish Trio",1,1,2648033,no,0
Los Amigos Invisibles,1,1,3323213,no,0
Los Campesinos!,1,1,2421461,no,0
Los Del Río,1,1,3612597,no,0
Los Enanitos Verdes,1,1,4545813,no,0
Los Fabulosos Cadillacs,1,1,4278370,no,0
Los Johnny Jets,1,1,1968811,no,0
Los Tucanes De Tijuana,1,1,2991684,no,0
Los Ángeles azules,1,1,4054667,no,0
Lost Outrider,1,1,3419092,no,0
"Lost Outrider, Sidewalks and Skeletons",1,1,3416272,no,0
Lost Stars,1,1,3060552,no,0
Lostboycrow,1,1,3070933,no,0
Lotus Eater,1,1,2351992,no,0
Lou Bega,1,1,3354346,no,0
Loud Luxury,1,1,2889573,no,0
Louis Capone,1,1,2305525,no,0
Louis The Child,1,1,3817074,no,0
Louisahhh,1,1,3476499,no,0
Love Cryme,1,1,3582473,no,0
"Love Ghost, Strange Bones",1,1,2773483,no,0
Low.bō,1,1,2853844,no,0
Lowen,1,1,6377061,no,0
Lower Synth Department,1,1,3173735,no,0
Loïc Nottet,1,1,3372771,no,0
Lsb,1,1,4632708,no,0
Luca Turilli,1,1,4849367,no,0
Luci4,1,1,1293584,no,0
Lucian,1,1,1994097,no,0
Lucid Nation,1,1,4523326,no,0
Lucille Dillon,1,1,2276991,no,0
Lucinee,1,1,4588402,no,0
Lucky Luciano,1,1,1411417,no,0
Lucy Loone,1,1,2798277,no,0
Lucynine,1,1,4280853,no,0
Lueur Verte,1,1,5265800,no,0
Luhx_,1,1,3769795,no,0
Luis Miguel,1,1,4393683,no,0
LukHash,1,1,2962327,no,0
Lukah,1,1,3085542,no,0
"Lukah, Statik Selektah, Killer Mike",1,1,4785741,no,0
Luke Combs,1,1,3551262,no,0
"Luke Howard, Budapest Art Orchestra",1,1,4980499,no,0
"Luke Howard, Nadje Noordhuis",1,1,2623291,no,0
Luke Vibert,1,1,3449543,no,0
Luke Wild,1,1,2507200,no,0
Luna Shadows,1,1,4117312,no,0
Lunar Ark,1,1,11875638,no,0
Lunar Blood,1,1,2474452,no,0
Lunar Ritual,1,1,3816748,no,0
Lunar Vacation,1,1,3265557,no,0
Lunarsea,1,1,4733204,no,0
Lunay,1,1,4084513,no,0
"Lundy, Mc Bassman",1,1,3905574,no,0
Lupillo Rivera,1,1,2336076,no,0
"Lupo, Occ",1,1,3119621,no,0
"Lustmord, Bohren & Der Club Of Gore",1,1,11967589,no,0
Luther Vandross,1,1,3602838,no,0
Luude,1,1,3138159,no,0
"Luude, Harry Bee",1,1,2657467,no,0
Luxrem,1,1,4023418,no,0
Luxury Elite,1,1,3697117,no,0
"Luza Cult, Lui Surreal",1,1,1503372,no,0
Lydia Luce,1,1,2921502,no,0
Lyn Lapid,1,1,2132829,no,0
Lynda Dawn,1,1,3970043,no,0
"Lynn Ahrens, Stephen Flaherty",1,1,3167682,no,0
"Lyrical Lily, Redalice",1,1,2138106,no,0
Lyzanxia,1,1,4230434,no,0
Léo Ferré,1,1,4884014,no,0
LŪN,1,1,3439356,no,0
M City Jr,1,1,3495149,no,0
M()RE,1,1,2249014,no,0
"M-Swift, 24 Carat",1,1,6301432,no,0
M.A.G.S_,1,1,3383293,no,0
M.A.N,1,1,3250707,no,0
M.C. Shy-D,1,1,3419471,no,0
"M.M.M.F.D., Scum, Insane Poetry",1,1,2627873,no,0
M.O.B,1,1,3145157,no,0
MAB,1,1,3151828,no,0
MADAAI,1,1,2688423,no,0
"MADLADS, avrws, KITE!, Joe",1,1,3581194,no,0
"MAGNAVOLT, EXCAELIS",1,1,3035846,no,0
"MAGNAVOLT, FICCHI",1,1,3473589,no,0
"MAGNAVOLT, Hauk",1,1,2758454,no,0
"MAGNAVOLT, Lost Nights",1,1,3530393,no,0
"MAGNAVOLT, Psyk",1,1,3374244,no,0
"MAGNAVOLT, Sleen Mp, Aimee Saturne",1,1,3257765,no,0
"MAGNAVOLT, Starfarer",1,1,3398075,no,0
"MAIIKI, 3TERNITY",1,1,3009247,no,0
MAKAVELIGODD,1,1,1953857,no,0
"MAKJ, Timmy Trumpet",1,1,2478461,no,0
MAM,1,1,4415475,no,0
MAR,1,1,4577015,no,0
MATTE BLVCK,1,1,3723591,no,0
MAX,1,1,2692402,no,0
MAY-A,1,1,3063756,no,0
"MC Endo, Mr Traumatik, MC Shabba D",1,1,3861372,no,0
"MC Homeless, Angelo Moore, Fishbone",1,1,5087719,no,0
"MCR-T, horsegiirL",1,1,4629890,no,0
MEDIOCRE,1,1,2298625,no,0
MELLOW GRAVE,1,1,4389229,no,0
METALHEAD,1,1,4241399,no,0
MFC Chicken,1,1,1728603,no,0
MIK,1,1,2328531,no,0
MIND PRISONER,1,1,3014215,no,0
MJ Cole,1,1,4070517,no,0
"MJ Cole, Kojey Radical",1,1,3170298,no,0
MJ_,1,1,729617,no,0
"MK, CHRYSTAL",1,1,2159700,no,0
"MK, Jonas Blue & Becky Hill",1,1,3219159,no,0
"MK, kors k",1,1,3207608,no,0
MKTO,1,1,2693776,no,0
MNEMIC,1,1,3848181,no,0
MOMOLAND,1,1,3275832,no,0
MORA,1,1,4143768,no,0
MOSEGRIM,1,1,3080590,no,0
MOTO BANDIT,1,1,3319970,no,0
MSDOX,1,1,1669044,no,0
MUST DIE!,1,1,2870084,no,0
MUTANT MONSTER,1,1,3407969,no,0
"MYSTXRIVL, SoKoS, Hnrk",1,1,3092657,no,0
Maafa Hardcore,1,1,4459218,no,0
"Maasho, Weston Estate",1,1,3303681,no,0
Mabel Ye,1,1,2336324,no,0
"Machine Head, In Flames, Lacuna Coil",1,1,2484722,no,0
"Macklemore, Ryan Lewis, Macklemore & Ryan Lewis",1,1,4494439,no,0
"Macky Gee, DJ Phantasy",1,1,4515324,no,0
"Macky Gee, Tempa T",1,1,2637144,no,0
"Mad Professor, Lee _Scratch_ Perry",1,1,5712554,no,0
Mad Season,1,1,4702183,no,0
Mad Tsai,1,1,2155256,no,0
MadBliss,1,1,2074706,no,0
Madame Macabre,1,1,4555731,no,0
Maddie & Tae,1,1,2910864,no,0
Maddix,1,1,3220262,no,0
"Maddix, Fēlēs",1,1,3694654,no,0
Madeleine West,1,1,3340138,no,0
Madeline Hawthorne,1,1,2998358,no,0
Madelynne Whitt,1,1,2631095,no,0
Madeon,1,1,3529866,no,0
Madi,1,1,2324368,no,0
Madness,1,1,3116589,no,0
"Madopelli, M.M.M.F.D_",1,1,4923516,no,0
Mafumafu,1,1,4014084,no,0
Mag.Lo,1,1,5778455,no,0
Magdalena Bay,1,1,3302554,no,0
"Magenta, Jimmy Danger",1,1,4019969,no,0
Maggie Antone,1,1,3855032,no,0
Maggie Lindemann,1,1,1905491,no,0
"Maggie Lindemann, Siiickbrain",1,1,2336999,no,0
Magic Hats,1,1,2452010,no,0
Magic Sword,1,1,9267426,no,0
Magic!,1,1,3523322,no,0
Magma Inc,1,1,3226490,no,0
Magnus Deus,1,1,5648353,no,0
MagnusTheMagnus,1,1,2809632,no,0
Mahmood,1,1,3016308,no,0
Mahogany Lox,1,1,1767288,no,0
Maiya The Don,1,1,2593698,no,0
"Maiya The Don, Flo Milli",1,1,2767352,no,0
Majistrate,1,1,3418249,no,0
"Majistrate, Logan D",1,1,4149722,no,0
"Majistrate, Logan D, T95",1,1,4099051,no,0
"Majistrate, voltage",1,1,3799313,no,0
Major Lazer,1,1,2890771,no,0
"Major League Djz, Wiz Khalifa",1,1,3972599,no,0
Major Malfunction,1,1,4032066,no,0
Mak Sauce,1,1,2335256,no,0
Makaveli,1,1,3993938,no,0
Maki Yuoma,1,1,3003112,no,0
Mako's Eclipse!,1,1,2158178,no,0
Makoto,1,1,7001251,no,0
"Makua, Wiz Khalifa",1,1,2748819,no,0
Mala'kai,1,1,3700235,no,0
Malaa,1,1,3840634,no,0
"Malaa, Jacknife",1,1,3331362,no,0
"Malice, Rooler, Sickmode",1,1,3405763,no,0
Malugi,1,1,2542664,no,0
Malux,1,1,3751016,no,0
Mamamoo,1,1,3082557,no,0
Mampi Swift,1,1,6462170,no,0
Manawydan,1,1,5925315,no,0
Mandala,1,1,3103058,no,0
Mandidextrous,1,1,3799121,no,0
Manfred Mann's Earth Band,1,1,6710006,no,0
Manger Cadavre_,1,1,3310075,no,0
"Manix, DJ Guy",1,1,5719395,no,0
Mannveira,1,1,3436081,no,0
Mantronix,1,1,5087499,no,0
Mao Fujita,1,1,3166763,no,0
Marble Slave,1,1,3451150,no,0
Marc Anthony,1,1,3320322,no,0
Marc Ash,1,1,4324897,no,0
Marc Leigh,1,1,3930220,no,0
Marc Rain,1,1,3519526,no,0
Marc Streitenfeld,1,1,2472072,no,0
Marcaux,1,1,2866709,no,0
Marching Church,1,1,4495167,no,0
Marco Belloni,1,1,2179512,no,0
Marcy Playground,1,1,2688312,no,0
"Mare Cognitum, Spectral Lore",1,1,8009296,no,0
Maree Docia,1,1,1957191,no,0
"Maren Morris, Hozier",1,1,3052140,no,0
Margot & The Nuclear So And So's,1,1,3800918,no,0
Maria Mena,1,1,2142180,no,0
Maria Yudina,1,1,2988627,no,0
Marianne Oswald,1,1,3951907,no,0
"Maribou State, Holly Walker",1,1,4709364,no,0
"Marihiko Hara, Polar M",1,1,4107868,no,0
Marimba Chapinlandia,1,1,3880685,no,0
Marine,1,1,3476654,no,0
Marino Formenti,1,1,2229137,no,0
Marionette,1,1,3574175,no,0
Mariya Takeuchi,1,1,4534663,no,0
Mark Morrison,1,1,3327322,no,0
Mark Rae,1,1,3512064,no,0
Mark Ronson feat. Bruno Mars,1,1,4266515,no,0
Mark System,1,1,5162910,no,0
Markgraf,1,1,4265253,no,0
"Marnik, Naeleck, VINAI",1,1,2385175,no,0
Maroon 5 ft. Future,1,1,3870574,no,0
Mars Argo,1,1,3279845,no,0
Marshmello & Halsey,1,1,2912309,no,0
"Marshmello, Tyga, Chris Brown",1,1,2126486,no,0
"Marshmello, YUNGBLUD & blackbear",1,1,3377668,no,0
"Martin Garrix, Clinton Kane",1,1,2730073,no,0
"Martin Garrix, Dean Lewis",1,1,3692338,no,0
"Martin Garrix, Pierce Fulton",1,1,3889935,no,0
"Martin Garrix, ZEDD",1,1,5395664,no,0
Martin Landström,1,1,2175389,no,0
Martin O’Donnell and Michael Salvatori,1,1,4270307,no,0
Martin Solveig,1,1,4227697,no,0
"Martin Solveig, Good Times Ahead",1,1,4077607,no,0
Marty Robbins,1,1,3620702,no,0
Martyr Defiled,1,1,3896472,no,0
Mary Magdalan,1,1,4136210,no,0
Mary Steinbrecher,1,1,3972231,no,0
Masafumi Takada,1,1,1386379,no,0
Masatoshi Ono,1,1,4372422,no,0
Masked Wolf,1,1,3005281,no,0
Masochist,1,1,4830562,no,0
Massive Ego,1,1,3911494,no,0
"Master Error, Natrix",1,1,4198407,no,0
"Master Error, profile",1,1,3359049,no,0
Masterplan,1,1,5032419,no,0
Matchbox Twenty,1,1,3266584,no,0
Mathbonus,1,1,3504801,no,0
Matilda Mann,1,1,2667314,no,0
Matoma,1,1,3217800,no,0
"Matoma, Faith Evans, The Notorious B.I.G_",1,1,3656909,no,0
Matriarkatet,1,1,2851762,no,0
Matt Maltese,1,1,3400077,no,0
"Matteo Tura, Zahia",1,1,4126239,no,0
Matter and Energy,1,1,2302738,no,0
Matthew Mole,1,1,3520170,no,0
Matthias Rácz,1,1,5588396,no,0
Mattstagraham,1,1,1054059,no,0
Matzet,1,1,4180867,no,0
Maua,1,1,4089372,no,0
Maudify,1,1,4111577,no,0
Maul,1,1,3088089,no,0
Maurice Miro,1,1,4279914,no,0
"Maurice Ravel, Hélène Mercier, Louis Lortie",1,1,1545441,no,0
"Maurizzle, Obbley",1,1,4469537,no,0
Max Cooper,1,1,7332575,no,0
Max Coveri,1,1,2254885,no,0
Max Frost,1,1,3358315,no,0
Max McNown,1,1,2937939,no,0
Max Richter,1,1,1713691,no,0
Maxwell,1,1,4057897,no,0
May Rio,1,1,2445670,no,0
Mayven,1,1,3936306,no,0
Mazare,1,1,2843024,no,0
Mazzy Star,1,1,5153797,no,0
Maë Defays,1,1,3560463,no,0
Maü Maü 2.0,1,1,6457394,no,0
"Mc 2M Rapper, DJ-ROGÉRIO, Queen, DJ SILVA DA ZN",1,1,2031893,no,0
Mc Bassman,1,1,4108422,no,0
McCafferty,1,1,2960380,no,0
Mcap Steve,1,1,3322871,no,0
"MeLoveMeAlot, KÅIKÅI, Mlma",1,1,3040493,no,0
Meat Katie,1,1,3972369,no,0
Meat Puppets,1,1,2241573,no,0
Mecano,1,1,4647791,no,0
Mecca Normal,1,1,2494014,no,0
Medasin,1,1,2715396,no,0
Medicine,1,1,4041625,no,0
Medio Mutante,1,1,2845938,no,0
"Meduza, Alok",1,1,2601895,no,0
Meernaa,1,1,2776429,no,0
"Mefjus, Camo & Krooked",1,1,3232053,no,0
"Mefjus, Camo & Krooked, SOTA, Circadian",1,1,3705803,no,0
"Mefjus, Emperor",1,1,3114986,no,0
"Mefjus, SMG",1,1,3955205,no,0
"Mefjus, Skeptical",1,1,3562950,no,0
Mega Drive,1,1,4351663,no,0
"Megalodon, Midnight Tyrannosaurus",1,1,4942537,no,0
Meghan Trainor,1,1,2907267,no,0
Mel Waiters,1,1,4404768,no,0
Melanie,1,1,2251043,no,0
"Meliora, Wazed, unholy",1,1,3946247,no,0
Melissmell,1,1,5249123,no,0
Melrose,1,1,3889186,no,0
Melyra,1,1,5416977,no,0
Memotone,1,1,4472986,no,0
Mendelssohn,1,1,2891306,no,0
"Mendelssohn; Jennifer Pike, City of Birmingham Symphony Orchestra, Edward Gardner",1,1,26253817,no,0
Mercer Henderson,1,1,2983381,no,0
Merda,1,1,1347080,no,0
Mere Women,1,1,3023835,no,0
Merikan,1,1,4662964,no,0
"Merkules, Hopsin",1,1,2902518,no,0
"Merkules, Insane Clown Posse",1,1,3139045,no,0
Meron Addis,1,1,2919743,no,0
Mes Souliers Sont Rouges,1,1,4497442,no,0
Mes souliers sont rouges,1,1,7056922,no,0
Mesck,1,1,5670536,no,0
Message To Bears,1,1,3713641,no,0
Messiahnide,1,1,4927342,no,0
Meteor,1,1,2622512,no,0
Meth Wax,1,1,2408390,no,0
Metrik,1,1,3372577,no,0
"Metrik, Rothwell",1,1,4683664,no,0
"Metrik, Rou Reynolds, Filthy Pig, Enter Shikari",1,1,3319293,no,0
Metronomy,1,1,4125402,no,0
MettaForm,1,1,1761680,no,0
Mhaol,1,1,2190835,no,0
Mia Rodriguez,1,1,2795119,no,0
Miami Sound Machine,1,1,6212667,no,0
MiatriSs,1,1,3950744,no,0
Michael Baker,1,1,4689497,no,0
Michael Bolton,1,1,4363453,no,0
"Michael Gore, Dean Pitchford",1,1,4343214,no,0
Michael Gray,1,1,2980311,no,0
Michael Katana,1,1,5636124,no,0
Michael Khill,1,1,3115895,no,0
Michael Kiwanuka,1,1,2924083,no,0
Michael McCormic Jr_,1,1,6135122,no,0
Michael McDonald,1,1,3420782,no,0
Michael Seyer,1,1,3487399,no,0
Michael Soriano Trio,1,1,3203393,no,0
Michael Wollny,1,1,2605927,no,0
"Micheille Soifer, Hnos Yaipen",1,1,2382195,no,0
Michele Leigh,1,1,2537667,no,0
Michele Nobler,1,1,2629058,no,0
Midnight Force,1,1,3380977,no,0
Midnight Menace,1,1,5479096,no,0
Mielo,1,1,2513269,no,0
Mighty Dub Katz,1,1,6887622,no,0
Migos,1,1,5071571,no,0
Miguel Mateos,1,1,4307764,no,0
"Mihaylov, NGXT",1,1,3276826,no,0
"Mihaylov, NGXT, Alexandra Panayotova",1,1,2573877,no,0
Mika Nakashima,1,1,3912280,no,0
"Mike Posner, Getter",1,1,3100848,no,0
Mike WiLL Made-It,1,1,3061444,no,0
"Mike Williams, Mesto",1,1,2809069,no,0
Mikhail Pletnev,1,1,1704149,no,0
Mikito-P,1,1,4531750,no,0
"Miko Marks, The Resurrectors",1,1,2729366,no,0
Mikrodot,1,1,3520140,no,0
Mild High Club,1,1,2779745,no,0
Militarie Gun,1,1,1750727,no,0
Milky Chance,1,1,4903207,no,0
"Millennium Jazz Music, Dweller",1,1,4048520,no,0
Millie B,1,1,2002024,no,0
Milo (UK),1,1,4076153,no,0
Miloš Karadaglić,1,1,3434688,no,0
Mimi Barks,1,1,2117630,no,0
Mind Shredder,1,1,4373477,no,0
Mini Trees,1,1,4555651,no,0
Miniature Tigers,1,1,2294461,no,0
Mirrors,1,1,4083848,no,0
Mirzha,1,1,3022718,no,0
Mischa Maisky,1,1,3950274,no,0
Misfits _ BALZAC,1,1,3160823,no,0
Mishaal Tamer,1,1,3319784,no,0
Miso Extra,1,1,2483091,no,0
Miss Cherry Delight,1,1,3265347,no,0
Mist of Doom,1,1,2691142,no,0
Mitch Ryder & The Detroit Wheels,1,1,3272193,no,0
Mitchie M,1,1,3358820,no,0
Mithril Oreder,1,1,4617635,no,0
"Mithril Oreder, Krayzie Bone, R.A. The Rugged Man, A-F-R-O",1,1,3917181,no,0
"Mithril Oreder, Kxng Crooked, Locksmith, R.A. The Rugged Man",1,1,5378436,no,0
"Mithril Oreder, R.A. The Rugged Man",1,1,2019413,no,0
"Mithril Oreder, R.A. The Rugged Man, Canibus, Pyrit",1,1,5171708,no,0
"MitroWave, Angelcry",1,1,2257654,no,0
Mitsuko Uchida,1,1,12626831,no,0
Miya Folick,1,1,4736501,no,0
Mizo,1,1,5049420,no,0
Mob Choir,1,1,3737744,no,0
"Mob Rich, Bishop Briggs",1,1,2552426,no,0
Mob Tactics,1,1,4278576,no,0
Mobb Deep,1,1,5124092,no,0
Mocket,1,1,1580546,no,0
"Mod Sun, Avril Lavigne",1,1,2345433,no,0
Modern Dark Age,1,1,4398749,no,0
"Modestep, Cassyette",1,1,3870894,no,0
Moe Shop w_ SEIJ,1,1,4338005,no,0
Moeror,1,1,4751434,no,0
Mogwai,1,1,2185742,no,0
Moira & Claire,1,1,3793773,no,0
Moksi,1,1,3578189,no,0
Molchat Doma,1,1,3802727,no,0
Molecular,1,1,3417503,no,0
Molina,1,1,3686170,no,0
Molly Kate Kestner,1,1,5614830,no,0
Moloch,1,1,7314989,no,0
Monaleo,1,1,2166019,no,0
Monarch,1,1,14193212,no,0
Mone,1,1,2356263,no,0
Money Man,1,1,2356098,no,0
Monica,1,1,3917385,no,0
Monolith,1,1,3181000,no,0
Monomi,1,1,3278603,no,0
"Monrroe, Ruth Royall",1,1,3752150,no,0
Montell Fish,1,1,2215614,no,0
Monty Python,1,1,2772194,no,0
Montéhus,1,1,3319049,no,0
Monuman,1,1,3492047,no,0
Moody Good,1,1,3352641,no,0
Moon Sisters,1,1,1583187,no,0
Moore Kismet,1,1,2811195,no,0
Morag Tong,1,1,7344524,no,0
Morbid Angel,1,1,4909914,no,0
Morgan Page,1,1,3660219,no,0
Morgan Wallen & Post Malone,1,1,3106205,no,0
Morgul Blade,1,1,2431384,no,0
Morild,1,1,7481532,no,0
Morke,1,1,6387513,no,0
Mortal Thrall,1,1,5830033,no,0
Morto,1,1,6291352,no,0
"Morty, Jax",1,1,3192491,no,0
"Morty, Mr Traumatik, Mystik, X4",1,1,2888257,no,0
"Morty, X4, Mystik",1,1,3338044,no,0
"Moruf, SZA",1,1,3485964,no,0
Mos Def,1,1,3604728,no,0
Motorcycle,1,1,5914804,no,0
Mountain,1,1,2400266,no,0
Moxy Fruvous,1,1,2723679,no,0
Moy,1,1,5754268,no,0
"Mozey, Basslayerz",1,1,2459449,no,0
"Mozey, Shady Novelle",1,1,2382114,no,0
"Mozey, Sofia",1,1,2086830,no,0
Mr Rock,1,1,2024912,no,0
"Mr Traumatik, Devilman, Frenzee",1,1,3048562,no,0
"Mr Traumatik, Ego Trippin",1,1,2228537,no,0
"Mr Traumatik, Frenzee",1,1,2365067,no,0
"Mr Traumatik, Isometrik, Frenzee",1,1,1453612,no,0
"Mr Traumatik, NamaShaiYoga",1,1,2285715,no,0
"Mr Traumatik, Temple",1,1,3629729,no,0
Mr Twin Sister,1,1,3707439,no,0
Mr. C,1,1,3438098,no,0
"Mr. Criminal, Wiz Khalifa",1,1,4139111,no,0
Mr. Mister,1,1,5373614,no,0
Mr. President feat. Münchener Freiheit,1,1,6029576,no,0
Mr. Scruff,1,1,6060891,no,0
Mr.Machine,1,1,5089055,no,0
Mr.ruiz,1,1,3391016,no,0
Mrs. Green Apple,1,1,3257419,no,0
Mukeka Di Rato,1,1,1888066,no,0
"Mully, SHVMAN",1,1,3575021,no,0
Multiply,1,1,4835520,no,0
"Mumford & Sons, Hozier",1,1,3377361,no,0
"Mupp, Sadfriendd",1,1,1425277,no,0
"Mupp, Scarlxrd",1,1,1962834,no,0
Mura Masa,1,1,3017990,no,0
"Mura Masa, Lil Uzi Vert & PinkPantheress feat. Shygirl",1,1,3423262,no,0
"Mura Masa, slowthai",1,1,2665346,no,0
"Murcof, Vanessa Wagner",1,1,4077512,no,0
Murderdolls,1,1,2957776,no,0
"Murdock, Doctrine",1,1,3803441,no,0
Murray Gold,1,1,4129414,no,0
Music Beyond,1,1,1226811,no,0
Music Box,1,1,1262215,no,0
Mutilator,1,1,3561424,no,0
Muzz,1,1,5832103,no,0
My Bloody Valentine,1,1,3166725,no,0
My Chemical Romance & The Used,1,1,5159952,no,0
My Darkest Days,1,1,3126826,no,0
My Nu Leng,1,1,5773796,no,0
"My Nu Leng, Dread MC, Kaya",1,1,4009943,no,0
"My Nu Leng, Flava D",1,1,5216291,no,0
My Useless Life,1,1,6159253,no,0
Myke Towers,1,1,4372692,no,0
Myles Malice,1,1,4835619,no,0
Myles Smith,1,1,2379358,no,0
Mylo,1,1,3563929,no,0
Myriam Abel,1,1,3986004,no,0
Mystery Skulls,1,1,2794359,no,0
Mystic Roots,1,1,5959025,no,0
Mystific,1,1,4722730,no,0
"Mystik, Isometrik",1,1,1700565,no,0
Mystras,1,1,11895839,no,0
Mácula,1,1,3551401,no,0
N-Joi,1,1,3388612,no,0
N-Trance,1,1,6567116,yes,12
N.E.R.D,1,1,3333090,no,0
N3WYRKLA,1,1,2756778,no,0
NATTI NATASHA,1,1,3527337,no,0
NCTRNL,1,1,2905202,no,0
"NEODRAMA, ORYMA",1,1,4185398,no,0
NESSEL,1,1,6126195,no,0
"NGXT, Mihaylov",1,1,3767479,no,0
"NIGHT SHIFT, Crossy",1,1,3769731,no,0
NIIKO X SWAE,1,1,3083374,no,0
"NIKHEDONIA, Lucien Gray",1,1,1187086,no,0
"NIKHEDONIA, cxltgod",1,1,1236402,no,0
"NIKHEDONIA, cxltgod, Lucien Gray",1,1,2696300,no,0
NLE Choppa & Clever,1,1,1796821,no,0
"NLE Choppa, Imagine Dragons",1,1,2237317,no,0
NO HOPE_,1,1,3842670,no,0
NOAHFINNCE,1,1,2638368,no,0
NOËP,1,1,2952395,no,0
NSB,1,1,2523372,no,0
NV 33,1,1,2623949,no,0
NVRLUV,1,1,2336141,no,0
NYCL KAI,1,1,1398712,no,0
NYXX,1,1,3997089,no,0
Nachtaltar,1,1,3866125,no,0
Nachtschwarz,1,1,4714799,no,0
Nagirčalmmiid,1,1,3516545,no,0
Nailed To Obscurity,1,1,4499868,no,0
Najee,1,1,5475798,no,0
Naked Eyes,1,1,3397517,no,0
"Nakkia Gold, Wiz Khalifa, Bob Marley & The Wailers",1,1,3107805,no,0
"Nalba, Chevy",1,1,2787462,no,0
Nameless Mist,1,1,7394861,no,0
Nami Melumad,1,1,3490230,no,0
Nami Melumad & Jeff Russo,1,1,4938700,no,0
Nano,1,1,4282717,no,0
Napes,1,1,2818090,no,0
Napoleon XIV,1,1,2055373,no,0
Narcömancer,1,1,3534208,no,0
Nas,1,1,2824308,yes,14
"Nas, Damian _Jr. Gong_ Marley",1,1,5474840,no,0
Nasty,1,1,2882394,no,0
Nasty Noona,1,1,1484678,no,0
Nasz,1,1,3918945,no,0
Natalie Taylor,1,1,2831140,no,0
Natanael Cano,1,1,2856782,no,0
"Nate Husser, D Cut",1,1,2560925,no,0
Nate Ruess,1,1,3689087,no,0
Nathan Evans,1,1,2327010,no,0
"Nathan Evans, 220 KID",1,1,1818426,no,0
"Nathan Evans, ARGULES",1,1,1653131,no,0
Nathan James,1,1,3530133,no,0
"Nathan Kawanishi, Fletcher Reed",1,1,1744822,no,0
Nathaniel Drew X Tom Fox,1,1,2323491,no,0
Naughty Boy,1,1,3372675,no,0
Naumachia,1,1,4436730,no,0
Nauseous,1,1,3066439,no,0
Navie D,1,1,3266335,no,0
Naybr,1,1,3796375,no,0
Nazareth,1,1,3989251,no,0
Ne-Yo,1,1,3937367,no,0
Neck Deep,1,1,2956970,no,0
Necrot,1,1,5542526,no,0
"Neffa, dux",1,1,2440672,no,0
Nefärioüs D-saster,1,1,1742587,no,0
Negative Shawdy,1,1,2112089,no,0
Neggy Gemmy,1,1,4610536,no,0
Nego Do Borel,1,1,2774801,no,0
Negro Terror,1,1,3688738,no,0
Neighborhood Brats,1,1,2039386,no,0
Neighbour,1,1,4881792,no,0
Neil Cowley,1,1,3559285,no,0
Neiori,1,1,2956038,no,0
Nekonomicon,1,1,5141992,no,0
NekroChaparrO,1,1,5393073,no,0
Nekrodeus,1,1,6842250,no,0
Nekroí Theoí,1,1,6320365,no,0
Neku,1,1,3013061,no,0
Nelly Ben-Or,1,1,2801945,no,0
Nemesis,1,1,4654864,no,0
Neo Fresco,1,1,4189568,no,0
"Neokontrol, Laur, Dustvoxx",1,1,5493753,no,0
Neon Eyes,1,1,2989418,no,0
Neoni,1,1,2787751,no,0
Nero,1,1,3815505,no,0
Nervous Kids,1,1,3106860,no,0
Nesh_,1,1,3217572,no,0
Nesseria,1,1,3964247,no,0
"Netsky, Jazmine Johnson",1,1,2642201,no,0
"Neumonic, Sakawah Boys",1,1,2869543,no,0
NeuroWulf,1,1,3640447,no,0
Neus,1,1,3780517,no,0
Never Get Used To People,1,1,3609864,no,0
New Broadway Cast of Chicago The Musical (1997),1,1,4796526,no,0
New Politics,1,1,2530664,no,0
New Project,1,1,5169990,no,0
New York Dolls,1,1,3469892,no,0
New Young Pony Club,1,1,2664598,no,0
Newgrounds Death Rugby,1,1,1857732,no,0
Nexy,1,1,2840759,no,0
"Nghtmre, Slander",1,1,3011582,no,0
"NiNi, & Cyber Hell",1,1,2350188,no,0
Nia Archives,1,1,2604159,no,0
"Niall T, H.A.N.N",1,1,3567648,no,0
Nice & Wild,1,1,4522529,no,0
Nick Murphy _ Chet Faker,1,1,3370463,no,0
"Nick The Lot, ACP",1,1,3708177,no,0
"Nick The Lot, Herbz",1,1,3674593,no,0
"Nick Van House, Left_Right",1,1,3443144,no,0
"Nicky Blackmarket, Liondub",1,1,3522225,no,0
Nicky Jam,1,1,3942252,no,0
"Nicky Romero, Stadiumx",1,1,3690920,no,0
Nico & Vinz,1,1,3857076,no,0
Nico Collins,1,1,3024271,no,0
"Nico Moreno, DYEN",1,1,5517886,no,0
Nicolas Horvath,1,1,4195003,no,0
Nicole Tezgyul,1,1,2118686,no,0
Nietzu,1,1,4092027,no,0
Night Far Gone,1,1,3382584,no,0
Night Gaunts,1,1,3359997,no,0
Night Ranger,1,1,4621020,no,0
"Night Sky, Atherv",1,1,3718995,no,0
Nightstop,1,1,3291321,no,0
Nihtwintre,1,1,4881854,no,0
Nii Co_,1,1,2554058,no,0
"Niki Istrefi, Draugr",1,1,6330809,no,0
Nikki Nair,1,1,4111362,no,0
Nikko Lowe,1,1,2068541,no,0
Niko B,1,1,3744547,no,0
Nikolai Lugansky,1,1,2426864,no,0
"Nils Mönkemeyer, William Youn",1,1,2218030,no,0
Nine Eleven,1,1,6917016,no,0
Niney the Observer,1,1,6661026,no,0
Nippa,1,1,2132502,no,0
Nitefire,1,1,2744139,no,0
Nitepunk,1,1,3190733,no,0
Nitti,1,1,2437373,no,0
No Etiquette,1,1,3739766,no,0
No Mana,1,1,3412899,no,0
No Name Faces,1,1,3771884,no,0
No_Me,1,1,3079230,no,0
Noah Adams,1,1,2131723,no,0
"Noah Kahan, Hozier",1,1,4082908,no,0
Noah Nolastname,1,1,3378111,no,0
Noah Reid,1,1,2808999,no,0
Nobro,1,1,1667244,no,0
Nobuko Imai,1,1,4769196,no,0
Noclu,1,1,2867751,no,0
Nocte Obducta,1,1,6335210,no,0
Noctule,1,1,5790338,no,0
"Noir Dnb, Doinkgod",1,1,3871615,no,0
"Noir Dnb, Pengo",1,1,4081543,no,0
Noire Antidote,1,1,4005950,no,0
Noisettes,1,1,3448707,no,0
"Noisia, Mefjus, Hybris",1,1,3335808,no,0
"Noisia, Phace, The Upbeats",1,1,4675314,no,0
Noisuf-X,1,1,4241980,no,0
Noize Suppressor,1,1,1791410,no,0
"Non Serviam, Gallkrist",1,1,3973656,no,0
Noneoftheabove,1,1,5271688,no,0
Nonpoint,1,1,4199415,no,0
"Nooch, GLM, NV",1,1,3418593,no,0
Noochie,1,1,3301318,no,0
Noothgrush,1,1,4106248,no,0
Nordjevel,1,1,3554833,no,0
Norkh,1,1,4411421,no,0
Norma Tanega,1,1,1812750,no,0
Norman Brown,1,1,5079137,no,0
Normani,1,1,2976455,no,0
North Star the Wanderer,1,1,7819548,no,0
Nostalghia,1,1,4470041,no,0
NotLö,1,1,3007272,no,0
NotYourMom,1,1,2581523,no,0
"Notre Dame, Röyksopp, Man Without Country",1,1,4355121,no,0
Nouveau Arcade,1,1,3433617,no,0
Nouvelle Phénomène,1,1,4090673,no,0
Nouvelle Vague,1,1,2120617,no,0
Novacub,1,1,3099700,no,0
Noxxic,1,1,4135339,no,0
Nu Elementz,1,1,3826208,no,0
Nu-matic,1,1,3748436,no,0
NuBass,1,1,3026752,no,0
Nuages,1,1,5089436,no,0
Nuclear Blast Allstars,1,1,3532464,no,0
Nuclear Tourism,1,1,2751342,no,0
Nuit Incolore,1,1,2961505,no,0
Numenorean,1,1,8072479,no,0
Nunca,1,1,2141589,no,0
Nuovo Testamento,1,1,3785747,no,0
"Nurit Stark, Cédric Pescia",1,1,3852501,no,0
Nusrat Fateh Ali Khan,1,1,4748563,no,0
"Nvdes, REMMI",1,1,2691941,no,0
Nxcre,1,1,1895956,no,0
Nxxkz,1,1,2268352,no,0
Nxxxxxs,1,1,2603626,no,0
Nyan Cat,1,1,3528585,no,0
Nymfo,1,1,4647175,no,0
NyreDolk,1,1,2966980,no,0
O'Bryan,1,1,3713647,no,0
O.A.R_,1,1,3171145,no,0
OCTAVIO the Dweeb,1,1,2851619,no,0
OFFTHECLOCK,1,1,2829837,no,0
OGUZ,1,1,4609946,no,0
"OGUZ, Riot Shift",1,1,2149825,no,0
OH!hello,1,1,2414370,no,0
OK Go,1,1,3074815,no,0
OKVRU,1,1,3847827,no,0
OMAKS,1,1,5408596,no,0
OMC,1,1,3377126,no,0
OMI,1,1,2820878,no,0
OMXNEMO & WHYTYLXR,1,1,2141714,no,0
ONEUS,1,1,3055504,no,0
"ONHELL, Deadcrow",1,1,2678565,no,0
ORCINUS,1,1,3042290,no,0
OVI WOOD,1,1,2254713,no,0
Oath Of Cranes,1,1,10169589,no,0
Oberhofer,1,1,2006986,no,0
Objekt,1,1,3531395,no,0
Oblivion Machine,1,1,5364063,no,0
Obsequiae,1,1,4011218,no,0
Oceana,1,1,945341,no,0
Ochre,1,1,1708745,no,0
Octavion,1,1,4293946,no,0
Oculto,1,1,2046791,no,0
Odd Future,1,1,8295916,no,0
Odd Pace,1,1,3799085,no,0
Odd Sweetheart,1,1,2359391,no,0
Oddkidout,1,1,2340919,no,0
"Oddko, Zardonic",1,1,3279996,no,0
Oddprophet,1,1,3316394,no,0
Odonis Odonis,1,1,3697296,no,0
Of Feather and Bone,1,1,4762165,no,0
Official Nature Sound Effects,1,1,3840269,no,0
Ognemöt,1,1,3446333,no,0
Oil Spill,1,1,7834411,no,0
Ojos De Brujo,1,1,2934210,no,0
Okamoto's,1,1,3384604,no,0
Okey Dokey,1,1,3364965,no,0
Olen,1,1,3077254,no,0
Olho Seco,1,1,917270,no,0
Oligarquia,1,1,3225861,no,0
Olive,1,1,3672273,no,0
Oliver Buckland,1,1,2656181,no,0
Oliver Hazard,1,1,2482175,no,0
Oliver Heldens,1,1,2794246,no,0
"Oliver Heldens, Sidney Samson",1,1,3515286,no,0
"Oliver Tree, Whethan",1,1,2904877,no,0
"Oliverse, MØØNE",1,1,2966953,no,0
Olivia Belli,1,1,2262218,no,0
"Olivia Belli, Slow Meadow",1,1,4809873,no,0
Olivia O'Brien,1,1,2932346,no,0
Ollie MN,1,1,2431289,no,0
Olympe,1,1,3865061,no,0
Olympus Lenticular,1,1,3239966,no,0
Ol’ Dirty Bastard,1,1,3192677,no,0
Om,1,1,5939484,no,0
"Omaks, Dissonne",1,1,4840473,no,0
Omarion,1,1,3535777,no,0
Omas,1,1,3597306,no,0
"Omas, Dani King",1,1,3720135,no,0
"Omas, Octobit, Dani King",1,1,3930895,no,0
"Omas, Top Brahman, Nina Sung",1,1,2839807,no,0
Omega Sirius Moon,1,1,2548010,no,0
Omitir,1,1,8978462,no,0
"Omneum, Finalfix",1,1,4321195,no,0
Omnia,1,1,4438810,no,0
On Crash,1,1,2717304,no,0
One,1,1,5955506,no,0
One True God,1,1,2176342,yes,1
One-T,1,1,3559974,no,0
"OneLongDon, MELV",1,1,3117137,no,0
Onision,1,1,1442352,no,0
Ono Loco,1,1,2529441,no,0
"Onur Ormen, EBEN",1,1,2774633,no,0
"Onyx, DMX",1,1,3557166,no,0
"Onyx, Die Krupps",1,1,3052108,no,0
"Onyx, Dj Access, Snowgoons",1,1,3382131,no,0
"Onyx, Dope D.O.D., EDBA",1,1,5086801,no,0
"Onyx, L'uzine",1,1,4317714,no,0
"Onyx, SLIMUS, miko",1,1,3896777,no,0
Opale,1,1,4056988,no,0
Open Ocean,1,1,3193058,no,0
Opeth,1,1,7510226,no,0
Opus Monik,1,1,3134598,no,0
Oran _Juice_ Jones,1,1,4839148,no,0
Orange Juice,1,1,5058749,no,0
Orange Space Project,1,1,2741162,no,0
Orchester der Deutschen Oper Berlin,1,1,2518709,no,0
"Orchestre symphonique de Québec, Stéphane Tétreault",1,1,3366722,no,0
Orianthi,1,1,3128846,no,0
Original Broadway Cast,1,1,1520830,no,0
Original Broadway Cast of Annie,1,1,2256488,no,0
Original Broadway Cast of City of Angels,1,1,3052129,no,0
"Original Cast of SpongeBob SquarePants, The New Musical, Tom Kitt",1,1,3721336,no,0
Original God,1,1,2185320,no,0
"Original God, Sidewalks and Skeletons",1,1,2882200,no,0
Original Radio Cast,1,1,2610921,no,0
"Original Sin, Shakes",1,1,2485885,no,0
Orla Gartland,1,1,2535779,no,0
Orodrim,1,1,7175568,no,0
Orren,1,1,3973586,no,0
"Orvynx, Akira Yamaoka",1,1,1837174,no,0
Oskar Schuster,1,1,1829329,no,0
Otha,1,1,2669508,no,0
Ottmar Liebert,1,1,4357850,no,0
Otto Knows,1,1,3041424,no,0
Otu,1,1,2118672,no,0
Our Last Enemy,1,1,3514328,no,0
Our Psych,1,1,2556164,no,0
Outbreak Monkey,1,1,3896856,no,0
"Outliers, John Fogerty, Creedence Clearwater Revival",1,1,1953005,no,0
Ov Sulfur feat. Mental Cruelty,1,1,5993174,no,0
"Overkill, B-Harder",1,1,2614731,no,0
"Overkill, Eclypse",1,1,2413239,no,0
Overmono,1,1,969870,no,0
Owain Arwel Hughes,1,1,8103267,no,0
Owen Hart,1,1,2669457,no,0
Oxygen Destroyer,1,1,4610344,no,0
Oy,1,1,3501169,no,0
"Ozone, MC Spyda",1,1,4215173,no,0
P-Funk All Stars,1,1,6069734,no,0
PAIN,1,1,3743286,no,0
"PAIN, Infraction",1,1,3066276,no,0
"PALM, OPI",1,1,2434666,no,0
"PALØ, SMBG",1,1,4570095,no,0
PARTYOF2,1,1,2103426,no,0
"PAT, Zdot",1,1,2582858,no,0
PEACH MARTINE,1,1,2783781,no,0
PET,1,1,3916210,no,0
PEXØT,1,1,3799814,no,0
PIANIKA,1,1,3719431,no,0
PIG,1,1,5310168,no,0
"PINES, Akacia",1,1,2796939,no,0
"PIRAPUS, 33 Below",1,1,2847286,no,0
PLS&TY,1,1,3163454,no,0
PLVGUES,1,1,4468102,no,0
POLI POP!,1,1,2024572,no,0
"PROBLEM, Wiz Khalifa",1,1,2245920,no,0
"PRXJEK, 7xvn",1,1,2096945,no,0
PWR BTTM,1,1,1911165,no,0
Pacho El Antifeka,1,1,4872987,no,0
Pacta Corvina,1,1,4294656,no,0
Paint By Numbers,1,1,3140265,no,0
Paisley Fields,1,1,3940704,no,0
Pale Waves,1,1,3208423,no,0
Palence,1,1,3335393,no,0
"Palizé, KDot, tempo",1,1,3833598,no,0
Pandemia,1,1,2771331,no,0
Panicland,1,1,3296036,no,0
Panteón Rococó,1,1,4307919,no,0
Panucci's Pizza,1,1,3198108,no,0
Paolo Conte,1,1,2541914,no,0
"Papa Roach, Hollywood Undead",1,1,2581942,no,0
"Papa Roach, Kayzo",1,1,4481053,no,0
Paper Coelacanth,1,1,1702537,no,0
Paradise Lost,1,1,5699338,no,0
Paradox Obscur,1,1,2723621,no,0
"Paramnesia, Ultha",1,1,18359236,no,0
Paranoid Visions,1,1,3834616,no,0
Paranormales,1,1,3807977,no,0
Parapher,1,1,9047329,no,0
Paris Paloma,1,1,4104588,no,0
Pari´sya,1,1,1503614,no,0
"Park Bird, Chevy",1,1,3220851,no,0
Parkway Drive,1,1,3993450,no,0
Parov Stelar,1,1,4143133,no,0
"Particle, Duskee",1,1,3212838,no,0
"Particle, SMG",1,1,3214091,no,0
Party in the Hills,1,1,2696601,no,0
Pascal Michael Stiefel,1,1,2854816,no,0
Passengers,1,1,4260467,no,0
Passion Pit,1,1,2812227,no,0
Pat Benatar,1,1,2688118,no,0
Pata Negra,1,1,2859994,no,0
Patrick Watson,1,1,2537533,no,0
Patti Rudisill,1,1,4615156,no,0
Patti Smith,1,1,3876488,no,0
Paul Blanco,1,1,2589570,no,0
Paul Desmond,1,1,5860016,no,0
Paul Hardcastle,1,1,6835451,no,0
Paul Johnson,1,1,6841891,no,0
"Paul McCartney, Jimmy Fallon, The Roots",1,1,1345937,no,0
Paul Mccartney,1,1,3600528,no,0
Paul Revere & The Raiders,1,1,2192388,no,0
"Paul Russell, Kuwada",1,1,3150702,no,0
Pauline,1,1,4025563,no,0
Paura,1,1,2543712,no,0
Pawbeats,1,1,4259647,no,0
Paz,1,1,2694533,no,0
"Pe$o Pete, Ty Wild, DizzyEight",1,1,2088047,no,0
Peach Tree Rascals,1,1,3223946,no,0
Peaki,1,1,5340539,no,0
"Peaky P-key, Dj Noriken",1,1,2046944,no,0
Pearl Charles,1,1,2627868,no,0
Pearly Drops,1,1,3827184,no,0
Peggy Lee,1,1,2817083,no,0
PelleK,1,1,2402388,no,0
Pentatonix,1,1,2341254,no,0
People R Ugly,1,1,2027966,no,0
Pepe Aguilar,1,1,3393340,no,0
Per Pleks,1,1,3268978,no,0
Percy Sledge,1,1,2137115,no,0
Peregrine,1,1,3216590,no,0
Peret,1,1,3083629,no,0
Perfect Pussy,1,1,2115747,no,0
Perry Farrell,1,1,3197088,no,0
Persefone,1,1,5412329,no,0
Persephone's Bees,1,1,3661681,no,0
"Perturbator, Author & Punisher​",1,1,4014079,no,0
"Perturbator, Pig Destroyer",1,1,4886787,no,0
Peshay,1,1,7794033,no,0
Pet Shop Boys,1,1,4683708,no,0
Pete Rock,1,1,4067016,no,0
Pete Seeger,1,1,3604880,no,0
Pete Townshend,1,1,4674159,no,0
Peter Cavallo,1,1,3220201,no,0
Peter Frampton,1,1,4708517,no,0
Peter Gregson,1,1,3029716,no,0
Peter Gundry,1,1,5986573,no,0
Peter Hook _ Ministry,1,1,4446043,no,0
Peter Kuli,1,1,2061072,no,0
Peter McPoland,1,1,2791473,no,0
Peter Schilling,1,1,4581776,no,0
"Peter, Paul & Mary",1,1,3243651,no,0
Petey USA,1,1,4300358,no,0
"Petr Škvor, Josef Vlach, Prague Chamber Orchestra",1,1,6892844,no,0
Peyton List,1,1,2822889,no,0
"Phace, Signal",1,1,3651469,no,0
"Phace, Synergy",1,1,2986091,no,0
Phantogram,1,1,3152846,no,0
Phantom Hymn,1,1,5758670,no,0
Phantom Winter,1,1,9257982,no,0
Pharmacist,1,1,2060406,no,0
"Phaseone, Kai Wachi",1,1,2612580,no,0
Phentix,1,1,5784918,no,0
"Phibes, Joely",1,1,4063259,no,0
"Phil Kieran, Bush Tetras",1,1,3590965,no,0
Phildel,1,1,3850379,no,0
Philharmonisches Orchester Freiburg,1,1,2052543,no,0
Philip Bailey,1,1,5027429,no,0
Phillip Norman Watson,1,1,4441844,no,0
Phobia,1,1,1426375,no,0
Phoenix,1,1,2926926,no,0
"Pholo, Kareful",1,1,3263994,no,0
Phonothek,1,1,4101956,no,0
Phrozen,1,1,3564625,no,0
PianoDreams,1,1,3740849,no,0
Pib,1,1,2762907,no,0
Pickin' on Series,1,1,4335840,no,0
"Pickin' on Series, Iron Horse",1,1,4774200,no,0
Pickle Darling,1,1,2160318,no,0
Picture Me Broken,1,1,3321678,no,0
Piece Wise,1,1,3041174,no,0
Pierce Campbell,1,1,3484518,no,0
Pierre Fournier,1,1,6192619,no,0
Pierre-Laurent Aimard,1,1,3055425,no,0
Pigalle,1,1,4429348,no,0
"Pigs Pigs Pigs Pigs Pigs Pigs Pigs, El-P",1,1,3437463,no,0
"Piker, Original Sin, profile",1,1,3369952,no,0
Pillaging Villagers,1,1,2132332,no,0
Pillar,1,1,2984954,no,0
Pink Guy,1,1,11911978,no,0
PinkPantheress & Ice Spice,1,1,2383539,no,0
PinkPantheress & Sam Gellaitry,1,1,3422929,no,0
PinkPantheress feat. Destroy Lonely,1,1,3201237,no,0
PinkPantheress feat. WILLOW,1,1,3066075,no,0
Pinkfong,1,1,1479925,no,0
Pinkshift,1,1,2515286,no,0
Pirates For Sail,1,1,2677373,no,0
"Pistol Annies, Miranda Lambert",1,1,2914319,no,0
Pixie Lott,1,1,2812344,no,0
Planet of Zeus,1,1,3803575,no,0
Plants & Planets,1,1,2296184,no,0
"Plastician, Juche",1,1,4087057,no,0
Playboy Manbaby,1,1,2381532,no,0
Plustwo,1,1,3647790,no,0
Pogomarto,1,1,3968302,no,0
"Poison the Preacher, Dead Heat",1,1,3891386,no,0
Poisonous Wind,1,1,2625409,no,0
Pojkarna,1,1,2666991,no,0
"Pola & Bryson, Emily Makis",1,1,3492878,no,0
Polite Fiction,1,1,2814763,no,0
Polkadot Stingray,1,1,4076350,no,0
Polly Carter,1,1,2606762,no,0
Pomegranate Tiger,1,1,3116124,no,0
Pond,1,1,2979507,no,0
Pop Evil,1,1,4059061,no,0
"Popof, DoriAn ParaNo",1,1,3159532,no,0
Poptartpete,1,1,2021887,no,0
Portal to the God Damn Blood Dimension,1,1,19167284,no,0
Posk,1,1,3596431,no,0
Possuído Pelo Cão,1,1,3150041,no,0
Post Malone & Luke Combs,1,1,2782529,no,0
Post Malone & Roddy Ricch,1,1,3244982,no,0
Post Malone & Swae Lee,1,1,2777032,no,0
Post Malone and The Weeknd,1,1,3352975,no,0
Post Malone feat. Doja Cat,1,1,3426599,no,0
Post Malone feat. Morgan Wallen,1,1,3155837,no,0
Post Malone feat. Roddy Ricch & Tyga,1,1,3167197,no,0
Post Malone featuring Young Thug,1,1,3220645,no,0
Post Malone ft. Blake Shelton,1,1,3214975,no,0
Post Malone w. Mark Morrison & Sickick,1,1,2101351,no,0
Pour Vous,1,1,4415911,no,0
"Pouya, Ghostemane",1,1,2648714,no,0
Povarovo,1,1,3013602,no,0
Power Glove,1,1,1878607,no,0
Power Trip,1,1,3517570,no,0
"Powfu, beabadoobee",1,1,2479559,no,0
Praise the Plague,1,1,4667701,no,0
Pram,1,1,4034118,no,0
Prdk,1,1,2785675,no,0
"Prdk, Breazer",1,1,4639775,no,0
Precious Bane,1,1,5157424,no,0
Precious Jewel Amor,1,1,2477605,no,0
Premiata Forneria Marconi,1,1,7247913,no,0
Prequell,1,1,3621880,no,0
Pressure Cracks,1,1,3078503,no,0
Pretenders,1,1,2883237,no,0
Pretty Boy Aaron,1,1,1989585,no,0
Pretty Boy Floyd,1,1,3965740,no,0
Priestess,1,1,3030200,no,0
Primal Scream,1,1,6486089,no,0
"Primate, Captain Bass",1,1,2761602,no,0
"Primate, Captain Bass, MC Skywalker",1,1,3215342,no,0
"Primate, Ironlung",1,1,3398093,no,0
"Primate, Majistrate, Ekstatic",1,1,2914396,no,0
"Primate, PIRAPUS",1,1,2952724,no,0
"Primate, Sachi",1,1,2838861,no,0
Primitive Man,1,1,5599189,no,0
"Primitive Man, Unearthly Trance",1,1,6749989,no,0
Primitive Warfare,1,1,2553724,no,0
Primordial Serpent,1,1,4059247,no,0
"Primus, Puscifer",1,1,4080509,no,0
Prince Daddy & the Hyena,1,1,2223861,no,0
Prince and The New Power Generation,1,1,5962705,no,0
Priscilla Ahn,1,1,3123641,no,0
Prismo,1,1,2627850,no,0
Problem Patterns,1,1,2794060,no,0
Processor,1,1,3320889,no,0
Procol Harum,1,1,2945143,no,0
Prodigy,1,1,4232619,no,0
Prof feat. Kevin Gates,1,1,6631947,no,0
"Prof, Devin The Dude, Jarren Benton",1,1,2918846,no,0
"Prof, Dizzy Wright",1,1,3120639,no,0
Profane Order,1,1,4395063,no,0
Profeci,1,1,3681122,no,0
Profuze,1,1,3475721,no,0
"Progetto Tribale, Donato Dozzy",1,1,5477042,no,0
Proleter,1,1,2584311,no,0
Prolix,1,1,4058389,no,0
"Prolix, Black Sun Empire",1,1,4139735,no,0
Protestant,1,1,2888885,no,0
Proudhon,1,1,1479947,no,0
Psy,1,1,3342560,no,0
"Psych, MONSS",1,1,4223065,no,0
Psychic Mirrors,1,1,2497656,no,0
Psychotropic,1,1,4726537,no,0
Psyclon Nine,1,1,3531974,no,0
Psykofant,1,1,2014771,no,0
Psymon Spine,1,1,3707534,no,0
Public Image Ltd.,1,1,5717696,no,0
Punkinloveee,1,1,1970615,no,0
Pure Hell,1,1,2291552,no,0
"Pure Obsessions & Red Nights, Sidewalks and Skeletons",1,1,3309749,no,0
"Pure Wrath, Januaryo Hardy",1,1,7303773,no,0
Purgatorial,1,1,4644671,no,0
Purple Holiday,1,1,3212225,no,0
Pushloop,1,1,3910910,no,0
Pussy Riot,1,1,2770233,no,0
"Pussy Riot, Dave Sitek",1,1,3328289,no,0
Puzzled Panther,1,1,4112618,no,0
"Pythius, Limewax",1,1,4083382,no,0
Përl,1,1,5157997,no,0
Q-Bass,1,1,3778717,no,0
Q-Feel,1,1,6182592,no,0
"QO, Trilo",1,1,4652935,no,0
QUANTITONZ,1,1,2393064,no,0
Qbass,1,1,4401450,no,0
"Qbass, Skeng Gee",1,1,5309376,no,0
"Quackson, VVN",1,1,4276698,no,0
"Quackson,KRILLA",1,1,2849548,no,0
Quadron,1,1,3291749,no,0
Queen Adreena,1,1,3049525,no,0
Queen Wolf,1,1,4096561,no,0
Queen of Jeans,1,1,1875354,no,0
"Queen, Megan Thee Stallion",1,1,1560530,no,0
"Queen, VonLichten",1,1,3064748,no,0
Queensrÿche,1,1,5055877,no,0
Question Mark & The Mysterians,1,1,2193134,no,0
Quiet Bison,1,1,3614683,no,0
Quincy Jones,1,1,2615005,no,0
Quintino,1,1,2359322,no,0
Qveen Herby feat. Tech N9ne,1,1,2883081,no,0
"Qveen Herby, yoitsCrash",1,1,3293509,no,0
R Kelly,1,1,4832662,no,0
R Rules,1,1,2877225,no,0
R WE WHO R WE,1,1,1632927,no,0
R!PT!DE,1,1,1949230,no,0
R. Morgan Slade,1,1,2799534,no,0
"R.A. The Rugged Man, Antihelden, Jaw",1,1,4692283,no,0
"R.A. The Rugged Man, Smokey Joe & The Kid",1,1,4553466,no,0
"R.A. the Rugged Man feat. Ghostface Killah, Masta Killa & Kool G Rap",1,1,4778197,no,0
"R.I.P., Nick Stratton",1,1,2261959,no,0
R.U.C.K.I.S.S,1,1,3286470,no,0
R3HAB,1,1,3041326,no,0
"R3HAB, Mike Williams",1,1,2530284,no,0
RAIGN,1,1,4385694,no,0
RANGER,1,1,3446840,no,0
RAVELL,1,1,3134761,no,0
"REESE, Damzy",1,1,3678778,no,0
REO Speedwagon,1,1,4558958,no,0
REVENGEOFPARIS,1,1,1106370,no,0
RE_AKTOR,1,1,4155703,no,0
RHODAMINE,1,1,1538252,no,0
RIBBON STAGE,1,1,1135492,no,0
RIIZE,1,1,2983195,no,0
RIOPY,1,1,2638253,no,0
RIZ LA VIE,1,1,3228225,no,0
"RJD2, Supastition",1,1,3067519,no,0
RL Grime,1,1,3307676,no,0
RM,1,1,3453989,no,0
RMaster,1,1,2121463,no,0
ROLE MODEL,1,1,2916669,no,0
"RONNY J, Wiz Khalifa",1,1,2804329,no,0
ROSÉ & Bruno Mars,1,1,2816205,no,0
ROTTENGRAFFTY,1,1,4059946,no,0
RTPN,1,1,3997698,no,0
RVNT,1,1,3117414,no,0
"RXDXVIL, John Bis.T, DJ KOTAK",1,1,1314036,no,0
RY X,1,1,4880281,no,0
Ra Ra Riot,1,1,2574205,no,0
"Rabbit Junk, Lazerpunk",1,1,5232993,no,0
Raccoon Tour,1,1,2116658,no,0
Rachel Chinouriri,1,1,3284545,no,0
Rachel Hardy_Colm McGuinness,1,1,4568864,no,0
Rachel Platten,1,1,3199212,no,0
Rachel Portman,1,1,4092022,no,0
Rachel Wallace,1,1,4482886,no,0
Rachie,1,1,3842044,no,0
Radical Face,1,1,4467050,no,0
"Radical G, The Horrorist",1,1,5079392,no,0
Radio Company,1,1,3716757,no,0
Rae Sremmurd,1,1,4616286,no,0
Raekwon,1,1,4020453,no,0
Rage Of Samedi,1,1,3902828,no,0
"Ragga Twins, Krucial",1,1,2494551,no,0
"Rahmanee, GRAY",1,1,3491907,no,0
Raime,1,1,5092499,no,0
"Rain Sounds, Cosmic Rain Sounds",1,1,2045417,no,0
Rain on Fridays,1,1,2711361,no,0
"Raindrops Sleep, Nature and Rain, Always Raining",1,1,2466735,no,0
Rake The Ashes,1,1,4217578,no,0
Raku-Nu,1,1,1964993,no,0
Ram Jam,1,1,3669230,no,0
Rameses B,1,1,3222456,no,0
Ramshackle Glory,1,1,3113563,no,0
Random XS,1,1,6244695,no,0
Rană,1,1,6299846,no,0
Raphael Saadiq,1,1,3203582,no,0
"Raphi, James Hiraeth",1,1,3333268,no,0
Rare Akuma,1,1,2158435,no,0
Rare DM,1,1,4451234,no,0
Rare F.U.N.K_,1,1,5928972,no,0
Rasti,1,1,2418381,no,0
Ratt,1,1,4057264,no,0
Ratwyfe,1,1,2397433,no,0
"Ravi Shanker, Glenn John, Fugazi",1,1,3232191,no,0
Rawtekk,1,1,3807661,no,0
Ray Royston,1,1,3660680,no,0
Ray Vaughn,1,1,3496240,no,0
Ray Volpe,1,1,2598446,no,0
"Raymond Agoult, New Symphony Orchestra Of London, Douglas Gamley, National Philharmonic Orchestra",1,1,4783907,no,0
Raywall,1,1,1380760,no,0
Razlom,1,1,4307220,no,0
"Razlom, Julia Marks",1,1,3518491,no,0
Razörschrieck,1,1,9245330,no,0
Re-Animation,1,1,1550477,no,0
Re-Logic,1,1,1530900,no,0
Reagan Youth,1,1,1769057,no,0
Real Friends,1,1,2496262,no,0
"Rebel MC, Peter Bouncer",1,1,4361669,no,0
Rebuke,1,1,6055991,no,0
Reconverb,1,1,3898743,no,0
Red Cell,1,1,4120419,no,0
Red Razor,1,1,2725157,no,0
RedHook,1,1,3010926,no,0
"Redalice, DJ Myosuke, Delutaya",1,1,2470921,no,0
"Redalice, Kobaryo",1,1,2217343,no,0
"Redalice, T+pazolite",1,1,2629475,no,0
RedeemedZed,1,1,3462704,no,0
Rednex,1,1,3043798,no,0
Redzed,1,1,2306491,no,0
Reel 2 Real,1,1,5089221,no,0
Reggie Becton,1,1,3300554,no,0
"Reginald, Left_Right",1,1,4785039,no,0
Reignwolf,1,1,3290366,no,0
"Rein, Djedjotronic",1,1,3572779,no,0
Relient K,1,1,3741917,no,0
Remco Beekwilder,1,1,4838857,no,0
Remedios Amaya - Topic,1,1,14673758,no,0
Remi Wolf,1,1,2686587,no,0
"Remnant.Exe, yama",1,1,4274265,no,0
Remo Anzovino,1,1,3518279,no,0
Remo Drive,1,1,3624745,no,0
Ren,1,1,3471987,no,0
"Ren, CHINCHILLA",1,1,3542187,no,0
"Rendah, Jakar",1,1,3997988,no,0
"Rendah, Nersha",1,1,3230250,no,0
Renee Blair,1,1,2343349,no,0
Residente,1,1,3840322,no,0
Resolve,1,1,3510952,no,0
RetroWarriorKult,1,1,4775990,no,0
Rett Madison,1,1,2464040,no,0
Return To Forever,1,1,4968632,no,0
Returning,1,1,15149226,no,0
Rev Theory,1,1,3849515,no,0
Revenge Wife,1,1,2377131,no,0
"Revizia, MAGNAVOLT",1,1,4654302,no,0
RevoLucian,1,1,2646390,no,0
Revocation feat. Travis Ryan,1,1,4597011,no,0
Rew,1,1,2934014,no,0
Reyn Hartley,1,1,2476259,no,0
"Rezz, k_d",1,1,3999960,no,0
Rezzett,1,1,4776406,no,0
Rhapsody,1,1,5468736,no,0
"Rhûn, Falls of Rauros",1,1,5831269,no,0
Ricardo Gardner,1,1,3235010,no,0
Richard Thompson,1,1,3546184,no,0
Richie Rych,1,1,1999409,no,0
Rick Astley,1,1,3288203,no,0
Rick Gallagher Project,1,1,3251633,no,0
"Ricky Desktop, kim dracula",1,1,1948233,no,0
Ricky Nelson,1,1,1635417,no,0
"Ricky P, Wiz Khalifa, TORY LANEZ, Red Cup Nation",1,1,2690149,no,0
Rido,1,1,4183356,no,0
"Riff Raff, Wiz Khalifa",1,1,4289004,no,0
Righteous Brothers,1,1,3537270,no,0
Rihanna feat. Calvin Harris,1,1,5110519,no,0
Rihanna feat. David Guetta,1,1,4832454,no,0
Rihanna feat. Drake,1,1,3790528,no,0
Riley Ella,1,1,4309146,no,0
Rio Romeo,1,1,2310898,no,0
"Riordan, Stanton Warriors",1,1,3246130,no,0
Riot Ten & Sullivan King,1,1,2755424,no,0
"Rita indiana, Los Misterios",1,1,4138110,no,0
Ritchie Valens,1,1,1697843,no,0
"Riton, Kah-Lo",1,1,3775536,no,0
Ritt Momney,1,1,3200247,no,0
Ritual Atrophy,1,1,3674600,no,0
Ritual Howls,1,1,8511378,no,0
Rival,1,1,2946508,no,0
Rixton,1,1,3005613,no,0
Rizzle Kicks,1,1,3434793,no,0
"RoVa, Particle",1,1,3416200,no,0
Roach Rat,1,1,1297027,no,0
Rob Base,1,1,4523643,no,0
Rob Gasser,1,1,2943311,no,0
Rob Tirea,1,1,4076756,no,0
Rob Zombie & Marilyn Manson,1,1,3399649,no,0
Robert Delong,1,1,3637788,no,0
Robert Grace,1,1,2644170,no,0
Robert Johnson,1,1,1947307,no,0
Robert Palmer,1,1,3916122,no,0
Robert Plant & Alison Krauss,1,1,5434167,no,0
Robert Tepper,1,1,4646343,no,0
Roberta Flack,1,1,4561669,no,0
"Roberto Cacciapaglia, Royal Philharmonic Orchestra, Michele Fedrigotti",1,1,4178014,no,0
Roberto Jonata,1,1,4680111,no,0
"Robin Schulz, David Guetta, Cheat Codes",1,1,3009019,no,0
Robin Thicke,1,1,3936018,no,0
Roblo,1,1,2150384,no,0
Robster,1,1,2083542,no,0
Robyn [With Kleerup],1,1,3909611,no,0
"Rock Mafia, Wiz Khalifa",1,1,1984745,no,0
Rockit Gaming,1,1,5334648,no,0
Rockwell,1,1,4218637,no,0
"Rockwell, The Upbeats, Phace",1,1,4006486,no,0
Roddy Ricch,1,1,3028652,no,0
Roe Kapara,1,1,2642118,no,0
Roentgen Limiter,1,1,5842396,no,0
Roger Eno,1,1,3565371,no,0
Roger Strauss,1,1,3198178,no,0
Rogue Traders,1,1,3658003,no,0
Roksonix,1,1,4808175,no,0
Roland Cristal,1,1,1163510,no,0
Rollergirl,1,1,3444683,no,0
Rolling Quartz,1,1,3768645,no,0
Romare,1,1,3691628,no,0
Rome is not a town,1,1,2670366,no,0
Romeo Santos,1,1,3972101,no,0
Romeo Void,1,1,3209463,no,0
Rommii,1,1,2465181,no,0
Ron Jones,1,1,1110738,no,0
Ron Pope,1,1,3397498,no,0
Rone,1,1,3472306,no,0
"Roni Size, Reprazent",1,1,6764971,no,0
Ronnie Bell,1,1,3627252,no,0
Ronnie Hilton,1,1,1857227,no,0
"Ronson, Rex Venom",1,1,2546389,no,0
Rooler,1,1,2470383,no,0
Rory Webley,1,1,2569445,no,0
Rosa Anschütz,1,1,6280280,no,0
Rose Royce,1,1,4622666,no,0
"Rosey Chan, Sonic Apothecary",1,1,7097375,no,0
"Rova, Pollen Archive",1,1,4032762,no,0
"Roxanne Shanté, Sparky D",1,1,4276099,no,0
Roy Ayers Ubiquity,1,1,5971930,no,0
Roy Hargrove,1,1,4361879,no,0
Royal Philharmonic Orchestra,1,1,6698458,no,0
Royal Republic,1,1,2124009,no,0
Royal Scandal,1,1,4242789,no,0
Ruby The Hatchet,1,1,8207878,no,0
Rudy Winston,1,1,4712283,no,0
Ruei-Bin Chen,1,1,4310663,no,0
Ruelle,1,1,3535129,no,0
Rufus Wainwright,1,1,3666125,no,0
Rum And Black,1,1,3366332,no,0
Run Dmc,1,1,4697940,no,0
Run Level Zero,1,1,4531585,no,0
"Run The Jewels, Aqua Teen Hunger Force",1,1,2676707,no,0
"Run The Jewels, El-P",1,1,2734704,no,0
Run-D.M.C.,1,1,4589994,no,0
Runaway June,1,1,3202232,no,0
Rune RK,1,1,3472561,no,0
Rupert Holmes,1,1,4246405,no,0
Rusko,1,1,2592809,no,0
Rusted Root,1,1,4093891,no,0
Rvshvd,1,1,3454688,no,0
Ryan Mack,1,1,2304375,no,0
Ryan Woods,1,1,2988592,no,0
Rye Rye,1,1,3079857,no,0
Ryn Weaver,1,1,3027176,no,0
"Röyksopp, Alison Goldfrapp",1,1,6041908,no,0
"Röyksopp, Barker & Baumecker",1,1,6582822,no,0
"Röyksopp, Beki Mari",1,1,7271639,no,0
"Röyksopp, Disfreq",1,1,6745296,no,0
"Röyksopp, Jennifer Loveless",1,1,2940412,no,0
"Röyksopp, Man Without Country",1,1,5900514,no,0
"S.M. The Performance, ZEDD",1,1,5928684,no,0
S.Murk,1,1,4007120,no,0
S.P.Y,1,1,4332506,no,0
S333XGOD,1,1,2016711,no,0
S3RL,1,1,3534670,no,0
SAINT PHNX,1,1,3803534,no,0
SAINt JHN,1,1,2799835,no,0
SAMURAI,1,1,2857242,no,0
SANTA,1,1,3283856,no,0
SASASAS,1,1,995834,no,0
SAY ANYTHING,1,1,2691032,no,0
SAYGRACE,1,1,3123882,no,0
SAYMYNAME,1,1,3217318,no,0
SCARLETT_,1,1,2528752,no,0
SDH Semiotics Department of Heteronyms,1,1,3284609,no,0
SEGA,1,1,3929420,no,0
SEICHE,1,1,1465727,no,0
SET TO STUN,1,1,7999126,no,0
"SG Lewis, Clairo",1,1,2995972,no,0
SHAED,1,1,2927497,no,0
SHAHMEN,1,1,3099753,no,0
SHAKKA,1,1,3469718,no,0
"SHDØW, Nevaeh",1,1,3251248,no,0
SHXCXCHCXSH,1,1,4818936,no,0
SIAMES,1,1,2923924,no,0
SID,1,1,1413236,no,0
"SINIZTER, ONI INC., Depths of Titan",1,1,2252460,no,0
"SINIZTER, luga",1,1,1480465,no,0
SIVERNOT,1,1,3932507,no,0
"SKIYE, Maurizzle",1,1,4127737,no,0
"SKIYE, Noir Dnb",1,1,3058884,no,0
SLOE JACK,1,1,2224464,no,0
"SMG, Trex",1,1,4225176,no,0
SML8,1,1,4205740,no,0
SMiLE.dk,1,1,2932939,no,0
SOPHIE,1,1,8651551,no,0
SOSMULA,1,1,1872428,no,0
"SOTA, A.M.C",1,1,2827675,no,0
"SOTA, Disrupta, Mila Falls",1,1,2461316,no,0
"SOTA, Master Error, Amplify",1,1,3039810,no,0
"SOTA, Primate",1,1,3037604,no,0
"SOTA, Sub Zero",1,1,2594427,no,0
SPYAIR,1,1,3695436,no,0
SQWOZ BAB,1,1,2485761,no,0
SRSQ,1,1,4799810,no,0
STARSET,1,1,4490533,no,0
"STATE OF MINE, No Resolve",1,1,3427122,no,0
STRFKR,1,1,3759191,no,0
SUNG MIN JE,1,1,4317686,no,0
"SVDDEN DEATH, PeelingFlesh, Nimda & yvm3",1,1,3025433,no,0
SVRVPHIM,1,1,1870820,no,0
"SWARM, Brian Lenington",1,1,4874104,no,0
"SWARM, Caster",1,1,3050622,no,0
SWAVAY,1,1,2772124,no,0
SYREX,1,1,1748173,no,0
"SZA, Calvin Harris",1,1,2682456,no,0
"SZA, Doja Cat",1,1,2683758,no,0
"SZA, Justin Bieber",1,1,2928461,no,0
"SZA, The Weeknd & Travis Scott",1,1,3322864,no,0
Saarkoth,1,1,5630083,no,0
Saber Gang,1,1,1331385,no,0
Sabira Evans,1,1,2130939,no,0
Sabled Sun,1,1,3886754,no,0
Saccharinne,1,1,4109928,no,0
Sachi,1,1,2423544,no,0
"Sachi, Kanine",1,1,2599479,no,0
Sad Alex,1,1,2568991,no,0
Sad Park,1,1,3113423,no,0
"Sada Baby, Wiz Khalifa",1,1,2894848,no,0
"Sadat, Alaa Fifty, Cypress Hill",1,1,3634515,no,0
Sadfriendd,1,1,895037,no,0
"Sadfriendd, Ghostface Playa",1,1,1668466,no,0
Sadhu,1,1,2156891,no,0
Sadie Fine,1,1,3488861,no,0
Sadness,1,1,5694411,no,0
Saez,1,1,3610445,no,0
Safety,1,1,4282988,no,0
Sage Introspekt,1,1,4680417,no,0
"Sage, haydys",1,1,3474507,no,0
Sages comme des sauvages,1,1,5227954,no,0
SahBabii,1,1,2581528,no,0
Saige Davis,1,1,3762491,no,0
Saint Etienne,1,1,6278244,no,0
Saint Joshua,1,1,2894495,no,0
Saint Levant,1,1,2639659,no,0
"Saint Rigal, Kiersten Huang",1,1,3617766,no,0
Saint Vitus,1,1,6514507,no,0
Saint Wellesley,1,1,2244610,no,0
Salem,1,1,2733872,no,0
Sally Dige,1,1,3329843,no,0
Salt-N-Pepa,1,1,3071712,no,0
Sam Akpro,1,1,3233777,no,0
"Sam Binga, Redders",1,1,2699494,no,0
"Sam Binga, Rider Shafique",1,1,3589451,no,0
Sam Feldt,1,1,2914288,no,0
Sam Feldt & Sigma feat. Gia Koka,1,1,3156485,no,0
"Sam Feldt, Hook N Sling",1,1,2971882,no,0
Sam Hunt,1,1,2994650,no,0
Sam KDC,1,1,6725364,no,0
Sam Lamar,1,1,3475818,no,0
Sam Tinnesz,1,1,2462788,no,0
Samael,1,1,3742387,no,0
Samstone,1,1,3578372,no,0
"Samstone, weronika",1,1,4183237,no,0
Samuel K_,1,1,2454571,no,0
"Samwise, johto",1,1,1906070,no,0
San Holo,1,1,4295522,no,0
"San Holo, Bipolar Sunshine",1,1,2841224,no,0
"SanTo, johnny",1,1,2375211,no,0
Sander Kleinenberg,1,1,6816591,no,0
Sandra,1,1,3724697,no,0
"Sangarang, Avie Sheck",1,1,2010699,no,0
"Sangarang, Kristen Merritt",1,1,2908499,no,0
"Sangarang, Melfi",1,1,2587703,no,0
Sangre de Muerdago,1,1,3206699,no,0
"Sanguisugabogg, Aaron Heard",1,1,3031441,no,0
"Sanguisugabogg, Defeated Sanity",1,1,5823980,no,0
Santa Muerte Thrash_Crossover,1,1,2317948,no,0
Santiano,1,1,3211775,no,0
Sapataria,1,1,1806477,no,0
Saphir,1,1,2073082,no,0
Sapphire,1,1,4062940,no,0
"Sara Noxx, 18 Summers",1,1,7176415,no,0
Sarah Cothran,1,1,2955345,no,0
"Sarah Cothran, Wuki",1,1,2755287,no,0
Sarah McLachlan,1,1,4182567,no,0
Sasha Alex Sloan,1,1,3050481,no,0
Satan,1,1,2154955,no,0
Satellite High,1,1,3159000,no,0
"Saturna, Huck.Jorris",1,1,3135317,no,0
Saucy Dog,1,1,4137666,no,0
Saul Williams,1,1,2502481,no,0
"Savage Ga$p, 93FEETOFSMOKE",1,1,2088234,no,0
Savages,1,1,2615803,no,0
Savannah Saturn,1,1,1875679,no,0
Save Us from the Archon,1,1,3271310,no,0
Savlonic,1,1,3013648,no,0
Savoy Brown,1,1,9109781,no,0
Saweetie,1,1,1934617,no,0
"Saweetie, GALXARA",1,1,2668917,no,0
SayMaxWell,1,1,2761898,no,0
SayWeCanFly,1,1,3389077,no,0
"Sayuri, MY FIRST STORY",1,1,4922424,no,0
ScHoolboy Q,1,1,4754581,yes,17
Scala,1,1,2202340,no,0
Scale$,1,1,2523640,no,0
Scanty Sandwich,1,1,2315252,no,0
Scave,1,1,4255382,no,0
"Scene Queen, 6arelyhuman",1,1,1947348,no,0
Scepticism,1,1,6628758,no,0
Schell Games,1,1,2364844,no,0
School Of Seven Bells,1,1,4111689,no,0
Scissor Sisters,1,1,2591579,no,0
Scorey,1,1,2171212,no,0
Scorngrain,1,1,4221324,no,0
Scott Helman,1,1,3327642,no,0
Scott Moon,1,1,4203484,no,0
Scotty Cruz,1,1,2916421,no,0
"Scratch Massive, MRD, Koudlam",1,1,5467828,no,0
"Scum, Madopelli, Mikahl Lawless",1,1,3187100,no,0
"Scum, Smallz One",1,1,3428382,no,0
"Scum, Tyler Stone Jones",1,1,1867260,no,0
Scumisdead,1,1,2601258,no,0
Sea Wolf,1,1,3442871,no,0
Seal,1,1,5584612,no,0
Sean Hall,1,1,3489367,no,0
Sean Kennedy,1,1,2353122,no,0
Sean Paul feat. Alexis Jordan,1,1,3342838,no,0
Seatbelts,1,1,3072261,no,0
Sebastian Komor,1,1,2278096,no,0
"Sebii, Maple",1,1,2217387,no,0
Secession Studios,1,1,3058620,no,0
Second Salem,1,1,3910193,no,0
Secondhand Serenade,1,1,2835148,no,0
Secret Squirrel,1,1,3395616,no,0
"Seduction, Eruption",1,1,4969056,no,0
SeeD,1,1,5229896,no,0
Seekae,1,1,4768832,no,0
"Seekraze, Tao Maffa",1,1,4518864,no,0
"Seekraze, Tao Maffa, Meph, Notequal",1,1,4022922,no,0
Seer of the Void,1,1,4828377,no,0
Sekai No Owari,1,1,3223662,no,0
Selecta J-Man,1,1,4063298,no,0
"Selecta J-Man, DJ Limited",1,1,3129618,no,0
"Selena Gomez, Marshmello",1,1,3176359,no,0
"Sennix, Joe, maycey",1,1,2822496,no,0
Sense,1,1,2508447,no,0
Septon,1,1,4189920,no,0
"Sepultura, Devin Townsend",1,1,6855556,no,0
"Sepultura, Rob Cavestany",1,1,4725171,no,0
Seraphim System,1,1,3715604,no,0
Serge Gainsbourg,1,1,3954293,no,0
Sergio Monteiro,1,1,2690008,no,0
Serial Killaz,1,1,4387565,no,0
Serj Tankian,1,1,3692550,no,0
Serpent Omega,1,1,4118591,no,0
"Serum, Paul T, Edward Oberon",1,1,6366321,no,0
"Serum, The Riddler",1,1,2678830,no,0
"Serum, The Riddler, Bladerunner",1,1,2312493,no,0
Sesame Street,1,1,2098052,no,0
"SetLock, Prof",1,1,2093385,no,0
Seth Staton Watkins,1,1,2891197,no,0
Seth n' Sound,1,1,3218300,no,0
"Seth, 7ER0",1,1,2379434,no,0
Sevdaliza,1,1,3077902,no,0
Sexual Harrassment,1,1,5741217,no,0
"Shades, Ivy Lab",1,1,3368383,no,0
ShadowStep,1,1,3773541,no,0
Shaggy,1,1,3317624,no,0
Shakey Graves,1,1,5224390,no,0
Shalamar,1,1,4645939,no,0
Shallou,1,1,3455241,no,0
Shallow Side,1,1,3068661,no,0
Shane Koyczan and the Short Story Long,1,1,5955178,no,0
Shannon,1,1,3404826,no,0
Shantel May,1,1,3872450,no,0
Sharda,1,1,4814820,no,0
Sharkmuffin,1,1,2968811,no,0
"Sharon Jones, The Dap-Kings",1,1,3851474,no,0
Shattered Skies,1,1,5329381,no,0
Shawn Wasabi & YDG feat. Spacegirl Gemmy,1,1,2270529,no,0
Shawn Wasabi feat. Hollis,1,1,2879008,no,0
"Shawn Wasabi,YDG,Yung GEMMY",1,1,1960711,no,0
"ShayGray, Borgore",1,1,3025683,no,0
Shayne Orok,1,1,1347186,no,0
Shayper,1,1,5334491,no,0
Shaé Universe,1,1,2530521,no,0
She Pleasures Herself,1,1,3813306,no,0
Sheck Wes,1,1,2639993,no,0
Sheet Music Boss,1,1,1594052,no,0
Sheila E_,1,1,8537188,no,0
Sheku Kanneh-Mason,1,1,2824119,no,0
Shelby Taylor,1,1,4008174,no,0
Sheppard,1,1,3436937,no,0
Sheryfa Luna,1,1,3444889,no,0
"Shhadows, Small Planets, set",1,1,6408136,no,0
Shilpa Ray,1,1,4047052,no,0
Shimi Sonic,1,1,2533979,no,0
Shinju,1,1,3842120,no,0
Shiny Toy Guns,1,1,3536061,no,0
ShitKid,1,1,2714384,no,0
Shivaji,1,1,2979259,no,0
Shkrimpp,1,1,1726117,no,0
ShockOne,1,1,4648662,no,0
"ShockOne, DON DARKOE",1,1,2908613,no,0
Shoe,1,1,4288888,no,0
Shokran,1,1,1697913,no,0
Shonen Knife,1,1,3509343,no,0
Shores Of Null,1,1,4635493,no,0
Shorty b2b Al Sunshine & MC Nasty,1,1,137734923,no,0
"Shoshana Michel, Roxane Genot",1,1,5086162,no,0
"Shotgun Willy, Yung Craka",1,1,1983104,no,0
Shush,1,1,2707861,no,0
"Shut Up, Dance",1,1,3385031,no,0
"Shyun, Cruk",1,1,4586839,no,0
Shy’m,1,1,3589268,no,0
Sia and Kylie,1,1,2585151,no,0
"Sia, Cypress Hill, DJ FLICT",1,1,2727893,no,0
"Sibewest, LONOWN",1,1,3673996,no,0
Sid Dorey,1,1,1918360,no,0
Sid Phillips,1,1,1903293,no,0
"Sidewalks and Skeletons, Brothel, Prgtry",1,1,3564792,no,0
"Sidewalks and Skeletons, Suffer Ring",1,1,3532001,no,0
Siege of Hate,1,1,1424834,no,0
Siena Liggins,1,1,2110388,no,0
"Sigma, B Live, B Live 247",1,1,2008450,no,0
"Sigma, Scrufizzer, Jamakabi",1,1,2154243,no,0
Signal,1,1,4742790,no,0
Sigur Rós,1,1,4219043,no,0
Siiickbrain,1,1,3270730,no,0
"Sikdope, ATRIP, Virus Syndicate",1,1,2906884,no,0
"Sikdope, Interupt",1,1,1967411,no,0
Silent Circle,1,1,5031683,no,0
Silentó,1,1,2944540,no,0
Sim0ne,1,1,2797476,no,0
Simi Stone,1,1,2125565,no,0
Simon Curtis,1,1,3276787,no,0
Simon Diaz,1,1,1836159,no,0
Simon and Garfunkel,1,1,4849019,no,0
Simple Creatures,1,1,2709154,no,0
"Simskai, JAck The Ripper, Matzet",1,1,4125238,no,0
"Simula, Bou, Sydney Bryce",1,1,4117227,no,0
Sinead O'connor,1,1,4406365,no,0
Singles,1,1,2495738,no,0
Sinister Souls,1,1,5356803,no,0
"Sinizter, Flexatelli",1,1,2052886,no,0
Sion,1,1,3425445,no,0
Siouxsie and the Banshees,1,1,3590963,no,0
Sir Babygirl,1,1,3364501,no,0
Sir Mix-A-Lot,1,1,3620229,no,0
Sister Sledge,1,1,4511642,no,0
"Sitri, TR Tactics, Symplex, Disaszt, Chris.su, MNDSCP, DATI, Kaizen Flow, Intercept, Sly Chaos, Cyntax, Shadow Sect, The Clamps, Akov, Scout 22, Metal Work, Impex, Mythic Image, Screamarts, Skellytn,",1,1,3701015,no,0
Sivik,1,1,3547085,no,0
Sixpence None The Richer,1,1,3248684,no,0
Sixto Rein,1,1,3949447,no,0
Sixx_A.M_,1,1,3677729,no,0
Sjors Weijermars,1,1,1246448,no,0
Skaviński,1,1,4143549,no,0
"Skeler, Juche",1,1,4547173,no,0
"Skeler, RSAC",1,1,2324624,no,0
"Skeler, Ytho",1,1,3227723,no,0
Skeng Gee,1,1,5213196,no,0
"Skepsis, Frisco",1,1,2789950,no,0
"Skepsis, Kanine, Takura",1,1,3582040,no,0
"Skepsis, Original Sin",1,1,3152415,no,0
Skepta,1,1,3675623,no,0
Skiifall,1,1,2383497,no,0
Skillz1,1,1,4684567,no,0
Skin of Cecile,1,1,4727802,no,0
Skirple,1,1,4276446,no,0
Skit,1,1,4450936,no,0
Skitsystem,1,1,2540891,no,0
"Skorn, Ghostofblu",1,1,2665755,no,0
Skream & Benga,1,1,2927610,no,0
Skreaming Skeletons,1,1,4069458,no,0
"Skrillex, Noisia, josh pan, Dylan Brady",1,1,2624789,no,0
"Skrillex, PinkPantheress & Trippie Redd",1,1,2288612,no,0
Sky Ferreira,1,1,3991706,no,0
"Skyfall Beats, April 15",1,1,2466354,no,0
"Skyfall Beats, Bulletrain",1,1,2647855,no,0
"Skyfall Beats, Troshin",1,1,2049509,no,0
Skyfixing,1,1,4298146,no,0
Skylark,1,1,3736821,no,0
Skysia,1,1,2857837,no,0
Skyy,1,1,5944302,no,0
Slander,1,1,3224781,no,0
"Slander, Dylan Matthew",1,1,2752861,no,0
Sleep Good,1,1,3535443,no,0
Sleep Token,1,1,6424167,no,0
Sleepnet,1,1,3366374,no,0
Slice The Cake,1,1,7761418,no,0
Slick Rick,1,1,3672660,no,0
SloFevero,1,1,1061573,no,0
Slothrust,1,1,2687752,no,0
Sloujin,1,1,2784087,no,0
Slow Fall,1,1,3558204,no,0
Slow Meadow,1,1,4331295,no,0
Slushii,1,1,2756672,no,0
Small Crush,1,1,1006649,no,0
"Smith, mighty",1,1,2438716,no,0
"Smoke DZA, Wiz Khalifa, Curren$y",1,1,3129178,no,0
"Smoke DZA, Wiz Khalifa, The Smokers Club",1,1,3518550,no,0
Smoove,1,1,3815001,no,0
"Snails, Boogie T_",1,1,3615130,no,0
Sneakbo,1,1,3105108,no,0
Sneaks,1,1,3068947,no,0
Snoh Aalegra,1,1,3367959,no,0
"Snoop Dogg, War, Klypso",1,1,2645110,no,0
Snoop Lion,1,1,3226373,no,0
Snow,1,1,4225219,no,0
Snow Raven,1,1,5913062,no,0
Snow Strippers,1,1,2241507,no,0
Snow Tha Product,1,1,2235434,no,0
Snow Wife,1,1,2318440,no,0
Snowgoons,1,1,2800423,no,0
"Snowgoons, Mac Dre, 2UGLi",1,1,2435547,no,0
Snugs,1,1,3952891,no,0
So It Begins,1,1,3073566,no,0
Social Kid,1,1,3543736,no,0
Social Lovers,1,1,4050016,no,0
"Sody, Cavetown",1,1,3249622,no,0
Sofia Kourtesis,1,1,3962493,no,0
Sofia Mills,1,1,2496231,no,0
Soft Blade,1,1,3408518,no,0
Soft Cell,1,1,2379984,no,0
Soft Kill,1,1,5607759,no,0
Softball,1,1,2057304,no,0
Solann,1,1,2793303,no,0
Soldat Louis,1,1,5811252,no,0
Solex,1,1,3268657,no,0
Solomon Burke,1,1,2580940,no,0
Solomun,1,1,4605353,no,0
Solution .45,1,1,6888796,no,0
Somme,1,1,2800189,no,0
Sonder,1,1,3052355,no,0
Sonny & Cher,1,1,2337728,no,0
"Sonny Wern, Lyente, Quinten Circle, Zana",1,1,2307391,no,0
Sonya Belousova,1,1,2977845,no,0
"Soom T, Disrupt",1,1,3098122,no,0
Sophie Nichols,1,1,2620102,no,0
Sophon,1,1,2254476,no,0
"Sopik, Zeuz",1,1,5084293,no,0
"Sorrowfuldays, First Blood",1,1,2678798,no,0
Sorry If It's Loud,1,1,4791252,no,0
Soul For Real,1,1,4035869,no,0
Soul II Soul,1,1,3445263,no,0
Soulji,1,1,3904293,yes,1
Sound In Noise,1,1,5273701,no,0
Soundbwoy Killah,1,1,5703723,no,0
Soundz Grate,1,1,2036955,no,0
"Soundzo, Herbz",1,1,3107616,no,0
Sousa,1,1,6941848,no,0
Sovryn,1,1,4173725,no,0
"Sox, Jaybee (UK)",1,1,2194468,no,0
Space 92,1,1,5406058,no,0
Space raiders,1,1,3175839,no,0
Spacemonkeyz vs. Gorillaz,1,1,5469633,no,0
Spacyboi,1,1,3471333,no,0
Spank Rock,1,1,2635496,no,0
Spanky & Our Gang,1,1,2837954,no,0
"Speaker Louis, G-Class, Killa P, Afroditetoolively",1,1,3478892,no,0
Special Interest,1,1,4173317,no,0
Special Request,1,1,5279936,no,0
Spectre,1,1,4589094,no,0
Speedy Ortiz,1,1,2981024,no,0
"Spek One, JP Tha Hustler, RAZOR",1,1,3387164,no,0
Spellbook,1,1,3720668,no,0
Spence Hood,1,1,2978469,no,0
Spiderbait,1,1,1717896,no,0
Spike Jones,1,1,2038467,no,0
Spinal,1,1,5180563,no,0
Spiritualized,1,1,6234093,no,0
Spitboy,1,1,1490747,no,0
Splack Pack,1,1,2942848,no,0
Splanto,1,1,3475856,no,0
Split Enz,1,1,3254818,no,0
Spoil Engine,1,1,3962636,no,0
Spooky Baby,1,1,2397337,no,0
Spooky Black,1,1,3353288,no,0
Spor,1,1,4417257,no,0
Spritely,1,1,2527019,no,0
Spyder D,1,1,4871353,no,0
Squadie,1,1,1520757,no,0
Squarepusher,1,1,4102740,no,0
"Srav3R, Dj Noriken",1,1,2311657,no,0
St.Arnaud,1,1,2709958,no,0
Stacey Bassetti,1,1,2626712,no,0
Stacey Q,1,1,3704389,no,0
Stacked Like Pancakes,1,1,3946101,no,0
"Stan Christ, Nevlin",1,1,4172750,no,0
"Stan Christ, Zeltak",1,1,5399847,no,0
Stan Stead,1,1,3649353,no,0
Stan Van Outen,1,1,2134136,no,0
Stan Walker,1,1,3276279,no,0
Stand Atlantic,1,1,2622431,no,0
"Star.One, SoulState, Burt Cope",1,1,2480325,no,0
Starbomb,1,1,1767560,no,0
Stardust,1,1,6498081,no,0
Starer,1,1,5689588,no,0
Starkey,1,1,5425614,no,0
Starley,1,1,2999108,no,0
Starpoint,1,1,4733501,no,0
Stasis X,1,1,2753162,no,0
State Of Shock,1,1,2979409,no,0
Static-P,1,1,4387613,no,0
Statik G,1,1,3103967,no,0
Statiqbloom,1,1,4852962,no,0
"Stella Bossi, Auk_",1,1,3299426,no,0
Stella Donnelly,1,1,3305026,no,0
Stella Jang,1,1,2949216,no,0
Stellar Descent,1,1,56209729,no,0
Stephanie Mabey,1,1,2725946,no,0
Stephen Kovacevich,1,1,3107757,no,0
Stephen Sanchez,1,1,2869809,no,0
Steppes,1,1,2703494,no,0
"Steryx, JHITZU",1,1,3431805,no,0
Steve Aoki & grandson ft. Jasiah,1,1,2902544,no,0
"Steve Aoki, Bruce Buffer, Laidback Luke",1,1,3138346,no,0
"Steve Aoki, Deorro, MAKJ",1,1,2735789,no,0
"Steve Aoki, Louis Tomlinson",1,1,3150467,no,0
"Steve Aoki, Showtek, MAKJ",1,1,3232154,no,0
Steve Devon,1,1,3799025,no,0
Steve Hauschildt,1,1,6531008,no,0
Steven Bamidele,1,1,3470515,no,0
Steven Isserlis,1,1,1632341,no,0
Still Woozy,1,1,2291006,no,0
Stillers Tod,1,1,7027830,no,0
Stimulator Jones,1,1,2395705,no,0
"Stollgan, Dathek, Beats by Stollgan",1,1,2964717,no,0
Stone,1,1,7031467,no,0
Stone Cold Jzzle,1,1,2451136,no,0
Stormzy,1,1,3041033,no,0
Story Of The Year,1,1,3714667,no,0
"Strange U, Doctor Zygote, King Kashmere",1,1,863472,no,0
Strath,1,1,2745200,no,0
Stratovarius,1,1,5279926,no,0
Strawberry Alarm Clock,1,1,3285715,no,0
Strawberry Mountain,1,1,5279573,no,0
Street Drum Corps,1,1,2962585,no,0
Strunkiin,1,1,7562172,no,0
Stunna Girl,1,1,2389872,no,0
Sturgill Simpson,1,1,5083729,no,0
StéLouse,1,1,3138422,no,0
"Sub Focus, Katy B",1,1,2537611,no,0
"Sub Focus, Katy B, K Motionz",1,1,3537764,no,0
"Sub Focus, bbyclose, Kanine",1,1,2721859,no,0
"Sub Zero, Gino",1,1,3638628,no,0
"Sub Zero, T95, Genetics",1,1,4977349,no,0
"Sub Zero, bennie, Napes",1,1,3107935,no,0
SubLab,1,1,3842040,no,0
"SubLab, Juche",1,1,2916257,no,0
"SubLab, hyperforms",1,1,3390193,no,0
Subculture Sage,1,1,3750102,no,0
Subject,1,1,2775229,no,0
Subjects,1,1,4949094,no,0
Subrising,1,1,2606654,no,0
"Subsonic, Flowidus",1,1,3477726,no,0
Subtension,1,1,4306637,no,0
Subtronics,1,1,3083149,no,0
"Subtronics, Hedex, Irah",1,1,2134028,no,0
Subversivos,1,1,2368034,no,0
Sudan Archives,1,1,2865405,no,0
"Sudley, Anais",1,1,3060439,no,0
SudoName,1,1,2201416,no,0
Suffer,1,1,4663859,no,0
Sugababes,1,1,3018239,no,0
Sugar Ray,1,1,2975479,no,0
Sugarcult,1,1,3447945,no,0
Sugarhill Gang,1,1,13000967,no,0
Suicideyear,1,1,3782725,no,0
Sullivan King,1,1,2900610,yes,1
Sun City,1,1,6566425,no,0
SunShy,1,1,2644585,no,0
Sundial,1,1,3151977,no,0
Sunflower Bean,1,1,2308334,no,0
Sung,1,1,3884579,no,0
Sunn O))),1,1,11838169,no,0
Sunrot,1,1,6812078,no,0
Super Bowl DJ's,1,1,5810889,no,0
Super Guitar Bros,1,1,995477,no,0
Super Unison,1,1,2124920,no,0
Superchick,1,1,3110163,no,0
Supercommuter,1,1,3726556,no,0
Superet,1,1,3290619,no,0
Superfly,1,1,3990185,no,0
Superfruit,1,1,3507689,no,0
Superorganism,1,1,2572090,no,0
Supra,1,1,3735006,no,0
Sur Coast,1,1,2910925,no,0
Surf Curse,1,1,1787316,no,0
Surface,1,1,3792411,no,0
Surfaces,1,1,2471155,no,0
Surfing,1,1,3634370,no,0
Surly Grrly,1,1,1462792,no,0
Survive Said The Prophet,1,1,2958794,no,0
Susan Boyle,1,1,2985962,no,0
"Sustance, Duskee",1,1,2840779,no,0
Suzane,1,1,2923638,no,0
Suzanne Vega,1,1,1875278,no,0
Svalbard,1,1,4863355,no,0
"Svdden Death, Snails",1,1,3168802,no,0
"Svetec, Fatima Hajji, O.B.I., Vendex, Sikztah, HARMONIE (FR)",1,1,5482472,no,0
Svperior Dwells,1,1,3465150,no,0
Swalenz,1,1,2683519,no,0
Swampworm,1,1,4176326,no,0
Sweet Sensation,1,1,4741594,no,0
Swerzie,1,1,4039130,no,0
Sxye,1,1,2272462,no,0
Syn Cole & MIYA MIYA,1,1,2809261,no,0
Synergy,1,1,2581023,no,0
Synthvvitch,1,1,5195516,no,0
"Synymata, Q’aila",1,1,4770804,no,0
Syphilic,1,1,4129338,no,0
Syreeta,1,1,5127079,no,0
Sūrya,1,1,8376880,no,0
T+pazolite,1,1,4568254,no,0
"T+pazolite, Kobaryo",1,1,2573740,no,0
"T+pazolite, Laur",1,1,3138970,no,0
"T-rextasy, Audiotree",1,1,3189571,no,0
T.I_,1,1,3890052,no,0
T.M.Revolution,1,1,3534303,no,0
T3,1,1,5831476,no,0
T3CHN0PH0B1A,1,1,955530,no,0
"T95, DRS",1,1,4160401,no,0
"T95, Dread MC",1,1,2608364,no,0
"T95, T-MAN",1,1,3449238,no,0
T99,1,1,4021675,no,0
TAEMIN,1,1,2695612,no,0
"TANO_C Sound Team, DJ Myosuke",1,1,2496162,no,0
TCIYF,1,1,1362732,no,0
TEK IT EASY,1,1,2510532,no,0
"TEL, Age of the Wolf",1,1,5940928,no,0
TEMPOREX,1,1,2879129,no,0
TENSION,1,1,2087471,no,0
THE BEACHES,1,1,3956890,no,0
THE BOBBY LEES,1,1,2680527,no,0
THE DRIVER ERA,1,1,3271135,no,0
THE VOICES IN MY HEAD SLAM,1,1,1598104,no,0
TINI,1,1,2697215,no,0
TJ Hickey,1,1,1686239,no,0
TLZMN,1,1,2381300,no,0
TMSV,1,1,4286922,no,0
"TMSV, Samurai Breaks, THUGWIDOW",1,1,4765769,no,0
"TOKYO'S REVENGE, ZEDSU",1,1,2531116,no,0
TOMORROW X TOGETHER,1,1,2953676,no,0
TOOPOOR,1,1,3106212,no,0
TOPHAMHAT-KYO,1,1,2733676,no,0
TORY LANEZ,1,1,3523642,no,0
TPR,1,1,2118487,no,0
TQD,1,1,4906805,no,0
TRAQULA,1,1,2663468,no,0
TRAUMATIZE,1,1,3692718,no,0
TREASURE,1,1,3835358,no,0
TREFUEGO,1,1,2305005,no,0
TREVOR DANIEL,1,1,2572786,no,0
"TREVOR DANIEL, Selena Gomez",1,1,2939590,no,0
TRISTYS,1,1,3843060,no,0
TRUSTcompany,1,1,2963882,no,0
TRXSH GXD,1,1,3478902,no,0
"TS7, Slick Don",1,1,3540085,no,0
"TURNO, Basslayerz",1,1,3394514,no,0
"TURNO, Ben Snow",1,1,3684845,no,0
"TURNO, G DUB",1,1,3995291,no,0
"TURNO, Gino",1,1,3496104,no,0
"TURNO, Riko Dan",1,1,3613924,no,0
"TURNO, Skepsis, Charlotte Plank",1,1,2543431,no,0
TV On The Radio,1,1,4551195,no,0
TWRP,1,1,4146826,no,0
Taana Gardner,1,1,9150037,no,0
Tableau Mort,1,1,5386309,no,0
Tachanka,1,1,3576279,no,0
Tag Team,1,1,3398546,no,0
Tagada Jones,1,1,5868779,no,0
"Taiki Nulight, AC Slater",1,1,2838207,no,0
"Tails, iNVERNESS",1,1,2928570,no,0
Tainy,1,1,3264860,no,0
Taio Cruz,1,1,2928113,no,0
Take a Mic,1,1,3193418,no,0
Take_Five,1,1,3767301,no,0
Takács Quartet,1,1,2213966,no,0
Tali Rush,1,1,2580909,no,0
Talk Talk,1,1,3572130,no,0
Tall Heights,1,1,3855626,no,0
"Tallah, Fire from the Gods, Chelsea Grin",1,1,6706113,no,0
Tamer Nafar,1,1,3473136,no,0
"Tan Cologne, Trentemøller",1,1,5436465,no,0
Tangerine Dream,1,1,3885053,no,0
Tantrum Desire,1,1,4128290,no,0
Tantrum.Today,1,1,4398382,no,0
Tanya Tagaq,1,1,7395027,no,0
Tapps,1,1,7003566,no,0
Taproot,1,1,2957168,no,0
"Tarmo, Bodhi Jones",1,1,2848778,no,0
Taro Bando & Ryuichi Katsumata,1,1,4355714,no,0
Tatiana Nikolayeva,1,1,5409840,no,0
Tayo Sound,1,1,2696169,no,0
Tchami,1,1,4230664,no,0
Team Guillotine,1,1,3291267,no,0
"Team Guillotine, Insane Poetry & Jp Tha Hustler",1,1,3165388,no,0
Ted Nugent,1,1,8628684,no,0
"Teddy Killerz, Gydra",1,1,3349571,no,0
"Teddy Killerz, Kompany",1,1,4463280,no,0
Tee Grizzley,1,1,2955596,no,0
Teebee,1,1,6843853,no,0
Teej,1,1,3536734,no,0
Teen Titans Go!,1,1,2242008,no,0
Tegan and Sara,1,1,2686021,no,0
Teho Teardo,1,1,3360725,no,0
Telekinesis,1,1,4309407,no,0
Television Screams,1,1,953525,no,0
Television Skies,1,1,3232368,no,0
Telic,1,1,2310409,no,0
Temple of Scorn,1,1,5966700,no,0
Tempting Tragedy,1,1,3869905,no,0
Tenille Townes,1,1,3528936,no,0
Teodor Currentzis,1,1,3888686,no,0
Terminal Nation,1,1,1972731,no,0
"Terminal Nation, Neckbeard Deathcamp",1,1,1125842,no,0
Ternion Sound,1,1,4314276,no,0
"Terrace Martin, Denzel Curry",1,1,4581221,no,0
Terrific Sunday,1,1,2152806,no,0
Terrorize,1,1,5236223,no,0
Teryky,1,1,8197480,no,0
Terzij De Horde,1,1,10902006,no,0
Tesen,1,1,4240087,no,0
TesseracT,1,1,5066353,no,0
Tex Beneke,1,1,1570567,no,0
Texas,1,1,3763530,no,0
Th' Faith Healers,1,1,4384451,no,0
"Thank You, I'm Sorry",1,1,2395615,no,0
That band Honey_,1,1,1747553,no,0
The Acacia Strain,1,1,1805702,no,0
The Academy Is.._,1,1,3272105,no,0
The Aces,1,1,3021349,no,0
The All-American Rejects,1,1,3849420,no,0
The Altogether,1,1,3347067,no,0
The Amazing Devil,1,1,3894653,no,0
The Amenta,1,1,3449333,no,0
The Amours,1,1,3162678,no,0
The Angels,1,1,3901695,no,0
The Anix,1,1,3536609,no,0
The Aquabats!,1,1,2871750,no,0
The Arcadian Wild,1,1,4330800,no,0
The Ascendant,1,1,3620463,no,0
The Ataris,1,1,3577260,no,0
The Audition,1,1,3319082,no,0
The Avengers,1,1,1958174,no,0
The B-52S,1,1,4993087,no,0
The Basement Jazz Trio,1,1,5102244,no,0
The Black Angels,1,1,5242565,no,0
The Black Crowes,1,1,5030821,no,0
The Black Ghosts,1,1,3488967,no,0
The Blackbyrds,1,1,3352130,no,0
The Blake Robinson Synthetic Orchestra,1,1,2790418,no,0
The Bloody Beetroots,1,1,3440896,yes,19
The Blue Nile,1,1,5743545,no,0
The Blue Notes,1,1,2612267,no,0
The Blues Brothers,1,1,3217012,no,0
The Body,1,1,6179921,no,0
"The Body, OAA",1,1,2662778,no,0
"The Body, Uniform",1,1,3717541,no,0
The Bodysnatchers,1,1,2634634,no,0
The BossHoss,1,1,3366443,no,0
The Box Tops,1,1,1763727,no,0
"The Brainkiller, Dj Tortu, Jose Rodriguez (Spain)",1,1,4062441,no,0
The Bravery,1,1,2646860,no,0
The Breeders,1,1,3090620,no,0
The Brobecks,1,1,3746474,no,0
The Brothers Johnson,1,1,4634854,no,0
"The Browning, SWARM & THE DEFECT",1,1,3448225,no,0
The Buggles,1,1,3982223,no,0
The Buoys,1,1,2201060,no,0
The Buttress,1,1,3570662,no,0
The Cars 07,1,1,3367042,no,0
The Cautious,1,1,2838407,no,0
The Chantels,1,1,2050667,no,0
The Chiffons,1,1,2116415,no,0
The Chillest,1,1,2833640,no,0
The Chords,1,1,1757810,no,0
The Church,1,1,4572939,no,0
The Circus Contraption Band,1,1,4328307,no,0
The Click Five,1,1,3605448,no,0
"The Coathangers, These Arms are Snakes",1,1,2742065,no,0
The Cog is Dead,1,1,3445699,no,0
The Connells,1,1,4353403,no,0
The Correspondents,1,1,3024073,no,0
The Cottars,1,1,2579034,no,0
The Cover Girls,1,1,3651386,no,0
The Crane Wives,1,1,3522675,no,0
The Cynics,1,1,2026949,no,0
The Dandy Warhols,1,1,3209586,no,0
The Darrow Chem Syndicate,1,1,3535382,no,0
The Davitts,1,1,2278967,no,0
The Dead Milkmen,1,1,2846810,no,0
"The Death Beats, Dope Ammo, Jasmine Knight",1,1,3966528,no,0
The Deele,1,1,5338826,no,0
The Deep Dark Woods,1,1,3818686,no,0
The Defect,1,1,3657125,no,0
The Dell-Vikings,1,1,2144942,no,0
The Dells,1,1,2108537,no,0
The Detroit Cobras,1,1,2195850,no,0
The Devil Wears Prada,1,1,3798422,no,0
The Devotchkas,1,1,2177861,no,0
The Dixie Cups,1,1,2681013,no,0
The Dominoes,1,1,1826600,no,0
The Dreadnoughts,1,1,2928793,no,0
The Dresden Dolls,1,1,2782990,no,0
The Dubliners,1,1,2829603,no,0
The End,1,1,3837268,no,0
The English Beat,1,1,2956368,no,0
The Fatback Band,1,1,3892827,no,0
The Fillmore South,1,1,6093140,no,0
"The First Family, Subway, Alien, Lee Moore",1,1,5786641,no,0
The Five Satins,1,1,2205539,no,0
The Five Stairsteps,1,1,3091005,no,0
The Flamingos,1,1,2311940,no,0
The Foreign,1,1,2809340,no,0
"The Forgotten, MAGNAVOLT",1,1,4142379,no,0
"The Forgotten, MAGNAVOLT, Cassetter",1,1,2761690,no,0
The Fratellis,1,1,3271988,no,0
The Funky Drive Band,1,1,4217573,no,0
The Girl Next Door,1,1,3077129,no,0
"The Glitch Mob, LICK",1,1,4160293,no,0
The Glorious Sons,1,1,3479618,no,0
The Go Go's,1,1,2548749,no,0
The Go! Team,1,1,2995564,no,0
"The Gregory Brothers, Joshua King & Markiplier",1,1,3164657,no,0
The Griswolds,1,1,3396402,no,0
The HU,1,1,5217726,no,0
The Hallowed Catharsis,1,1,2185482,no,0
The Haunted Windchimes,1,1,2291558,no,0
The Herbaliser,1,1,4618096,no,0
The Hickey Underworld,1,1,3039781,no,0
The High Kings,1,1,3221669,no,0
The High Strung,1,1,2487910,no,0
The Highwaymen,1,1,2815355,no,0
The Hissyfits,1,1,2873427,no,0
The Hit Crew,1,1,3004450,no,0
The Hives,1,1,3202474,no,0
The Hounds of Hasselvander,1,1,7316144,no,0
The Hypothesis,1,1,4195214,no,0
The I.L.Y's,1,1,3905718,no,0
The Immortals,1,1,3304950,no,0
The Impressions,1,1,2467493,no,0
The Incredible Funk League,1,1,2918148,no,0
The Ink Spots,1,1,2244418,no,0
The Internet,1,1,6766578,no,0
The Irrepressibles,1,1,5072151,no,0
The Jacksons,1,1,3262016,no,0
The Japanese House,1,1,3208394,no,0
The Jets,1,1,4167860,no,0
The Jones Girls,1,1,3255914,no,0
The Juju Orchestra,1,1,5393662,no,0
The Kaiser Chiefs,1,1,3404553,no,0
The Kilimanjaro Darkjazz Ensemble,1,1,5617993,no,0
The Killers feat. Bruce Springsteen,1,1,6462973,no,0
"The Killers, Clean Bandit",1,1,4785518,no,0
"The Killers, Dave Audé",1,1,4164174,no,0
The Knife,1,1,3004417,no,0
The Korgis,1,1,3923166,no,0
"The Kudu, Mylo",1,1,2151570,no,0
The LOX,1,1,4155336,no,0
The Last Ten Seconds of Life,1,1,3115831,no,0
The Leaks,1,1,3916329,no,0
The Libertines,1,1,3196592,no,0
The Linda Lindas,1,1,1913712,no,0
The London Film Score Orchestra,1,1,1709443,no,0
The Lord Of The Rings - The Return Of The King - The Complete Recordings,1,1,1375047,no,0
The Lost Revival,1,1,2951810,no,0
The Luka State,1,1,2713561,no,0
The Macarons Project,1,1,2296780,no,0
The Magnetic Fields,1,1,3019588,no,0
The Marvelettes,1,1,1805672,no,0
The Marías,1,1,3458271,no,0
The Medic Droid,1,1,2262782,no,0
The Members,1,1,5590706,no,0
The Meters,1,1,2942059,no,0
The Midnight Club,1,1,3328669,no,0
The Mighty Upsetter,1,1,2665550,no,0
The Modern Lovers,1,1,3829457,no,0
The Mountain King,1,1,9461801,no,0
"The Music Tapes, Orbiting Human Circus",1,1,2733490,no,0
The Narcissist Cookbook,1,1,4885644,no,0
The New Pornographers,1,1,3419547,no,0
The Ninetys,1,1,2514248,no,0
The Noise Of Art,1,1,5249448,no,0
The Nude Dogs,1,1,2133642,no,0
The Nutley Brass,1,1,2613344,no,0
The Objex,1,1,3155289,no,0
"The Obsidian, suigetsu",1,1,3149617,no,0
The Ocean,1,1,2957819,no,0
The Outhere Brothers,1,1,3680273,no,0
The Oxford Trinity Choir,1,1,2888682,no,0
The Paranoyds,1,1,3801843,no,0
The Pezheads,1,1,1927306,no,0
The Pierces,1,1,3635633,no,0
The Pioneer Creek Gang,1,1,4443855,no,0
The Pixies,1,1,2704707,no,0
The Platters,1,1,1948119,no,0
The Plot In You,1,1,3393868,no,0
The Pogues,1,1,4313630,no,0
The Poodles,1,1,3446526,no,0
The Presets,1,1,4412550,no,0
The Presidents of the United States of America,1,1,2814465,no,0
"The Prodigy, Mefjus, Camo & Krooked",1,1,3494557,no,0
The Q Orchestra,1,1,4000477,no,0
The RAH Band,1,1,7236317,no,0
The Raconteurs,1,1,3174761,no,0
The Ragga Twins,1,1,3387161,no,0
The Rapture,1,1,4088935,no,0
The Ready Set,1,1,2896392,no,0
The Record Company,1,1,3906851,no,0
The Red Jumpsuit Apparatus,1,1,2985160,no,0
The Redfeld Ensemble,1,1,2347633,no,0
The Redroom,1,1,3588870,no,0
The Residents,1,1,2234045,no,0
The Rills,1,1,2544288,no,0
The Riptide Movement,1,1,3785693,no,0
The Rizzos,1,1,2776424,no,0
The Romantics,1,1,2725843,no,0
The Rood Project,1,1,5124599,no,0
The Royal They,1,1,2849423,no,0
The Rumjacks,1,1,4390032,no,0
The Ruts,1,1,2417486,no,0
The Saturdays,1,1,2835471,no,0
The Scent,1,1,3474189,no,0
The Secret,1,1,5424621,no,0
The Sex Pistols,1,1,3065330,no,0
The Shamen,1,1,4997912,no,0
The Shires,1,1,2714125,no,0
The Similou,1,1,3147894,no,0
The Skints,1,1,3450644,no,0
The Snake Charmer,1,1,2969360,no,0
The Snuts,1,1,3100052,no,0
The Soft Moon,1,1,3243087,no,0
The Source (feat. Candi Staton),1,1,2977905,no,0
The Spencer Davis Group,1,1,2123514,no,0
The Starting Line,1,1,4005892,no,0
The Stone Roses,1,1,7653134,no,0
The Stranded,1,1,3429481,no,0
The Strikers,1,1,10621508,no,0
The Struts,1,1,2970467,no,0
The Style Council,1,1,5262479,no,0
The Stylistics,1,1,4259179,no,0
The Submarines,1,1,3011709,no,0
The Sugar Hill Gang,1,1,4658555,no,0
The Summer Set,1,1,3289584,no,0
The Sundays,1,1,3025420,no,0
The Sweeplings,1,1,3563694,no,0
The System,1,1,5512383,no,0
The Taxpayers,1,1,3429920,no,0
The Tear Garden,1,1,4460496,no,0
The Timespan,1,1,6044913,no,0
The Tin Knees,1,1,2891398,no,0
The Toasters,1,1,2590201,no,0
The Tokens,1,1,2613690,no,0
The Total Bettys,1,1,3017966,no,0
The Tramps,1,1,2276774,no,0
The Triffids,1,1,3836873,no,0
The Trip,1,1,5408001,no,0
The Troggs,1,1,1864887,no,0
The Turtles,1,1,2755104,no,0
The Underdogs,1,1,2083526,no,0
The Unguided,1,1,3858940,no,0
The University of Illinois Symphonic Band,1,1,4507800,no,0
"The Upbeats, Noisia",1,1,4578345,no,0
The Vaccines,1,1,2816984,no,0
The Veer Union,1,1,3445815,no,0
The Veils,1,1,4415403,no,0
The Vienna Symphonic Orchestra Project,1,1,3651736,no,0
The Virus and Antidote,1,1,1403995,no,0
The Voidz,1,1,1938743,no,0
The Voodoo Trombone Quartet,1,1,3909918,no,0
"The Weeknd, ROSALÍA",1,1,3396496,no,0
The West Coast Pop Art Experimental Band,1,1,3895896,no,0
The White Noise Supremacists,1,1,3798596,no,0
The Whomping Willows,1,1,1744982,no,0
The Wildbunch,1,1,1882882,no,0
The Wise Man's Fear,1,1,3248491,no,0
The Wonder Years,1,1,3004043,no,0
The World Is a Beautiful Place & I Am No Longer Afraid to Die,1,1,4590493,no,0
The Yagas,1,1,3119820,no,0
The Yearning,1,1,2263593,no,0
The Young Rascals,1,1,2352098,no,0
The Zombies,1,1,2236710,no,0
TheFatRat,1,1,3045033,no,0
Theatre Of Tragedy,1,1,4810302,no,0
Thecodontion,1,1,3922341,no,0
"Thee Headcoats, Thee Headcoats",1,1,2110396,no,0
Thee Sacred Souls,1,1,3917446,no,0
Them,1,1,2477708,no,0
Them Are Us Too,1,1,5130305,no,0
"Thepoolboi, Killstation",1,1,1170413,no,0
"There Is No Us, 8mm",1,1,3909749,no,0
Thibaut Garcia,1,1,2128542,no,0
Third Eye,1,1,36111535,no,0
Thirdstory,1,1,3541219,no,0
Thirty Seconds To Mars,1,1,3601608,no,0
This Ending,1,1,3631848,no,0
This Is Lorelei,1,1,3916374,no,0
This Is The Kit,1,1,3418776,no,0
This Way To The Egress,1,1,3851330,no,0
This White Mountain,1,1,9129108,no,0
This Wild Life,1,1,2029967,no,0
This Will Destroy You,1,1,4573311,no,0
"Thom Yorke, Flea, Wynton Marsalis",1,1,2499527,no,0
Thomas Adès,1,1,3965533,no,0
Thomas Erwin,1,1,2305561,no,0
Thomas Headon,1,1,2878119,no,0
Thomas Newman,1,1,2493958,no,0
Thomas Newson,1,1,2432276,no,0
"Thomas Sanders feat. Foti, Terrance Williams, Jamahl Rawls",1,1,2687237,no,0
Those Who Dream,1,1,2813012,no,0
Three Dog Night,1,1,2886905,no,0
Threnodist,1,1,4253223,no,0
Thronehammer,1,1,17790737,no,0
Throw The Fight,1,1,3534670,no,0
Throwback Zack,1,1,3324233,no,0
Thundercat,1,1,1887812,no,0
Thundering Hooves,1,1,4450233,no,0
Tian,1,1,3533906,no,0
Tierra Whack,1,1,940152,no,0
Tiffi,1,1,2915327,no,0
"Tiffi, City Girl",1,1,1882533,no,0
Tiga,1,1,7866798,no,0
Tigirlily Gold,1,1,3240379,no,0
Tikkle Me,1,1,3496334,no,0
Tim Armstrong,1,1,3209837,no,0
Tim Ismag,1,1,4000069,no,0
Tim Linghaus,1,1,2160571,no,0
Tim Love Lee & Tim Love Lee,1,1,4779027,no,0
Tim Reaper,1,1,5239777,no,0
Timbaland,1,1,2796929,no,0
Time Zone,1,1,3619844,no,0
Timothy Heller,1,1,4528485,no,0
"Timothy Infinite, Guustavv",1,1,2592389,no,0
Timour Leng,1,1,1859691,no,0
Tinariwen,1,1,5124228,no,0
Tiny Meat Gang,1,1,2605208,no,0
Tiny Stills,1,1,2883168,no,0
Tipling Rock,1,1,2855226,no,0
Tired Lion,1,1,2785192,no,0
Titanic Sinclair,1,1,3171250,no,0
Tiësto & Sneaky Sound System,1,1,7710306,no,0
"Tiësto, Hedex, Basslayerz",1,1,2503685,no,0
"Tiësto, Moska",1,1,2041240,no,0
"Tiësto, Sevenn",1,1,2780212,no,0
"Tm88, Wiz Khalifa, Roy Woods",1,1,1734434,no,0
To The Grave,1,1,4762297,no,0
Todd Terje,1,1,6345499,no,0
Toires,1,1,8503811,no,0
Tokyo Machine,1,1,3652525,no,0
"Tokyo Rose, Owl Vision",1,1,3302731,no,0
"Tokyo Tears, almogfx",1,1,3629882,no,0
Tom Hooker,1,1,5120298,no,0
Tom Morello,1,1,2332640,no,0
Tom Morello & grandson,1,1,2491996,no,0
Tom Novy,1,1,3274220,no,0
"Tom Staar, Trace",1,1,3095269,no,0
Tom Stills Quartet,1,1,3964263,no,0
Tom The Mail Man,1,1,3227938,no,0
"Tom Vek, Glass Animals",1,1,3541517,no,0
"Tombtoker, Haze Mage",1,1,4163805,no,0
Tombz,1,1,2774253,no,0
Tommy Genesis,1,1,2609254,no,0
"Tommy Genesis, Charli xcx",1,1,3776634,no,0
Tommy heavenly6,1,1,4097928,no,0
"Tommy the Cat, Jahganaut, Pastaman",1,1,3721125,no,0
Tomtsu,1,1,1587231,no,0
Tone-Loc,1,1,3262341,no,0
Tonebox,1,1,3424438,no,0
Tones and I,1,1,3486485,no,0
Tongue,1,1,7210783,no,0
Tonight Alive,1,1,2977947,no,0
Tony Christie,1,1,2979951,no,0
Tooth Cemetery,1,1,1260610,no,0
Toots And The Maytals,1,1,3555337,no,0
Top Cat,1,1,3960948,no,0
Top Cats,1,1,2782293,no,0
Toronto Is Broken,1,1,4263560,no,0
Torpor,1,1,10928824,no,0
Toshifumi Hinata,1,1,2030542,no,0
Total Devastation,1,1,7024429,no,0
"Total Science, S.P.Y_",1,1,3810382,no,0
Totenmond,1,1,2931235,no,0
Touch Excellent,1,1,4457672,no,0
Toutant,1,1,4158371,no,0
"Toxic Machinery, Moros, Æres",1,1,4436337,no,0
"Toxinate, Captain Bass",1,1,2592786,no,0
"Toxinate, Latte",1,1,5003761,no,0
Toy-Box,1,1,3215822,no,0
Tracks,0,1,3241770,no,0
Tracy Bonham,1,1,2716250,no,0
Tracy Chapman,1,1,4532171,no,0
Tragedy Khadafi,1,1,1038849,no,0
Trampa,1,1,4517292,no,0
Transgressive,1,1,1905191,no,0
Transmutator,1,1,9454621,no,0
Transviolet,1,1,2988616,no,0
Trapselyna,1,1,2139998,no,0
Trapt,1,1,4465418,no,0
Travie McCoy,1,1,3187383,no,0
Travis Atreo,1,1,3987814,no,0
"Travis Barker, Wiz Khalifa",1,1,2729955,no,0
Travis Scott,1,1,2865476,no,0
Trax,1,1,4043553,no,0
Tre Burt,1,1,3223691,no,0
Tre Watson,1,1,3083301,no,0
Trenchgrinder,1,1,5532760,no,0
Trenchworm,1,1,3404745,no,0
"Trentemøller, The Raveonettes",1,1,3471084,no,0
TreuHand,1,1,5999590,no,0
Trevi Moran,1,1,3502698,no,0
"Trex, Covert Garden",1,1,4299386,no,0
"Trex, Philth",1,1,3566727,no,0
"Trex, Teej, Pastry Maker, Rider Shafique, T_I",1,1,4120066,no,0
"Trey Parker, Robert Lopez, Matt Stone",1,1,2692250,no,0
Trey Songz,1,1,3806673,no,0
Trickshot,1,1,2302622,no,0
"Trinist, Sorza",1,1,3360960,no,0
"TripSixVivo, Imogen, Paàl",1,1,4083390,no,0
Tristan Arp,1,1,4183091,no,0
Triston Marez,1,1,2743299,no,0
Trivium,1,1,4922842,no,0
Trobi,1,1,2057483,no,0
Troi Irons,1,1,2786169,no,0
Troller,1,1,7943644,no,0
Troubled Mindz,1,1,3402886,no,0
"Trueno, Cypress Hill",1,1,2186001,no,0
Truereligiontrey,1,1,2782585,no,0
Truslow,1,1,3044686,no,0
Truth,1,1,3844412,no,0
"TryHardNinja, Approaching Nirvana",1,1,4116022,no,0
"Trym, Amelie Lens",1,1,5290939,no,0
Tré King,1,1,2913457,no,0
Tsuko G_,1,1,4268680,no,0
Tube alloys,1,1,2967528,no,0
Tuh Pa Warez,1,1,3617329,no,0
"Tujamo, La Fuente",1,1,2625803,no,0
"Tujamo, Lukas Vane",1,1,2756738,no,0
"Tujamo, NØ SIGNE",1,1,2977738,no,0
"Tujamo, Sidney Samson",1,1,2754443,no,0
"Tungevaag & Raaban, Charlie Who_",1,1,3336114,no,0
Tupac Shakur,1,1,3741400,no,0
Turbowolf,1,1,2902532,no,0
Turista,1,1,2781773,no,0
"Turnstile, Blood Orange",1,1,3411346,no,0
"Tuxedo, Zapp",1,1,3200477,no,0
Twentythree,1,1,2570701,no,0
Twin Shadow,1,1,4042646,no,0
"Twiztid, Blaze Ya Dead Homie",1,1,2997180,no,0
"Twiztid, Blaze Ya Dead Homie, Boondox",1,1,3436634,no,0
Two Feet & grandson,1,1,3327285,no,0
"Two Seconds to Wild West, Country Music All-Stars, Country Music Masters",1,1,4402210,no,0
Ty Dolla $ign,1,1,3601689,no,0
TyDi,1,1,3055991,no,0
Tyga,1,1,2076816,no,0
"Tyga, Doja Cat",1,1,3377811,no,0
"Tyga, Doja Cat, Disposable",1,1,3485509,no,0
"Tyga, Doja Cat, R3HAB",1,1,2191909,no,0
"Tyla Yaweh, Landy, Wiz Khalifa",1,1,3020772,no,0
Tylar Bryant,1,1,2292736,no,0
Tyler Bates,1,1,2937633,no,0
"Tyler, The Creator, A$AP Rocky",1,1,2522716,no,0
Tyra Madison,1,1,2902124,no,0
Tyrannus,1,1,3683756,no,0
Tyrone Davis,1,1,3893010,no,0
TyskVaffle,1,1,4399511,no,0
Tyydes,1,1,3312624,no,0
Tzompantli,1,1,5926953,no,0
Tzusing,1,1,4585315,no,0
Tómarúm,1,1,9881360,no,0
ULTRA SUNN,1,1,3604967,no,0
"UNKLE, Fur Coat",1,1,6824792,no,0
"UNKLE, Impérieux",1,1,3080664,no,0
"UNKLE, Villa Ms musiq, Bamjozi",1,1,3108270,no,0
"UNSECRET, Manafest",1,1,3108902,no,0
US3,1,1,3896021,no,0
UUTAi,1,1,3891947,no,0
UVERworld,1,1,4077382,no,0
"UYUUY, First Blood",1,1,2173808,no,0
Ufo Project,1,1,3643268,no,0
Ufomammut,1,1,7062570,no,0
Ugly Duckling,1,1,2295815,no,0
"Ultimo, Grosso",1,1,2303607,no,0
Ulver,1,1,7354281,no,0
Um Jennifer_,1,1,2170390,no,0
Umberto Tozzi,1,1,4068142,no,0
"Unaloon, LiL BO WEEP",1,1,1892036,no,0
Uncle Acid & the Deadbeats,1,1,4071843,no,0
Unconscious,1,1,5482741,no,0
Undead Papi &amp; GCSY,1,1,2943464,no,0
Under Black Helmet,1,1,5975039,no,0
Under This,1,1,4638730,no,0
Undergang,1,1,2952110,no,0
Understorey,1,1,3530762,no,0
Underworld,1,1,8982930,no,0
"Unglued, Nelson Navarro",1,1,3785019,no,0
Uniform,1,1,3961976,no,0
Unions,1,1,3963222,no,0
Unkle Bob,1,1,2180364,no,0
"Unlike Pluto, Mike Taylor, UPxMT",1,1,3591486,no,0
Unusual Demont,1,1,2211916,no,0
Unworldly,1,1,2308055,no,0
"Upgrade (UK), Trigga",1,1,3745792,no,0
Upon a Burning Body,1,1,3186509,no,0
Urbandawn,1,1,3762540,no,0
Urbanstep,1,1,5174044,no,0
"Usao, Camellia",1,1,2268573,no,0
"Usao, DJ Myosuke",1,1,2504155,no,0
"Usao, Javelin, Massive New Krew",1,1,3172649,no,0
"Usao, Kobaryo",1,1,5531367,no,0
"Usao, Yuta Imai",1,1,2735941,no,0
"Usao, nora2r",1,1,2130493,no,0
Ush,1,1,6161851,no,0
Usnea,1,1,8911910,no,0
Utilitarian,1,1,4755689,no,0
Utopilo,1,1,3123500,no,0
Uwu,1,1,2924154,no,0
V,1,1,3287567,no,0
V.I.C_,1,1,5032602,no,0
V3ctors,1,1,1870366,no,0
VA,1,1,4738134,no,0
VAEJA,1,1,2885347,no,0
"VALORANT, Grabbitz, ZEDD",1,1,3886501,no,0
VCTMS,1,1,2993265,no,0
VG LUCAS,1,1,2960561,no,0
VIDØ,1,1,4463453,no,0
VIrus',1,1,4438687,no,0
VSN7,1,1,3616264,no,0
"VSN7, Asenssia",1,1,3808800,no,0
VUKOVI,1,1,3579917,no,0
VVAA,1,1,6537763,no,0
"Vader, Mojoe",1,1,3290614,no,0
Vaeda Black,1,1,1940354,no,0
Vainoa,1,1,1740742,no,0
Valentin Silvestrov,1,1,2206701,no,0
Valentina Lisitsa,1,1,2606084,no,0
Valerna,1,1,5432061,no,0
Vampirska,1,1,5635273,no,0
Vanen,1,1,3535576,no,0
Vanessa Carlton,1,1,3686572,no,0
Vangelis,1,1,4204870,no,0
Vanic,1,1,2530662,no,0
Vanish,1,1,3727871,no,0
VantaVoid,1,1,3778371,no,0
"Vanthe, AWON, Melrose Avenue",1,1,3005444,no,0
Vanum,1,1,7108143,no,0
Vapor Hiemis,1,1,4296910,no,0
Varsity,1,1,3458459,no,0
Varun,1,1,3247359,no,0
Vastata Corpora,1,1,2216555,no,0
Vastum,1,1,4812068,no,0
Vaughan Mason And Crew,1,1,5049276,no,0
Ve'ondre,1,1,2309304,no,0
Veeze,1,1,1890005,no,0
Vegan Black Metal Chef,1,1,4843757,no,0
"Vegas, DJ Fresh",1,1,4108838,no,0
Vendetta Agonizing,1,1,4023900,no,0
Vengaboys,1,1,3222390,no,0
"Venjent, Jax, X4",1,1,2747794,no,0
Venom Prison,1,1,5315037,no,0
Vera Lynn,1,1,2232516,no,0
Verasect,1,1,4098087,no,0
Verminlord,1,1,10057015,no,0
Vernian Process,1,1,3777648,no,0
Versus Me,1,1,3042071,no,0
Verzache,1,1,2099485,no,0
Vexento,1,1,3875667,no,0
Vgr,1,1,2051324,no,0
Via Luna,1,1,4071735,no,0
Vianney,1,1,3360553,no,0
"Vibe Chemistry, Harlee",1,1,3122444,no,0
"Vibe Chemistry, MiST",1,1,1994745,no,0
Vibration Black Finger,1,1,3392932,no,0
Vibration J,1,1,2029881,no,0
Vicetone feat. Haley Reinhart,1,1,3209887,no,0
Vicetone feat. Jordan Powers & Bekah Novi,1,1,3288939,no,0
"Victor Aithen, NGXT",1,1,2489612,no,0
"Victor Butzelaar, The Wong Janice",1,1,3503262,no,0
Victoria Bigelow,1,1,4375676,no,0
Videoclub,1,1,3513075,no,0
Vienna Teng,1,1,3328108,no,0
Vierre Cloud,1,1,2021645,no,0
"Vieze Asbak, Dikke Baap",1,1,2251912,no,0
"Vieze Asbak, Dy Vertigo",1,1,5693188,no,0
"Vieze Asbak, Hades",1,1,3066524,no,0
"Vieze Asbak, Natte Visstick",1,1,1859994,no,0
"Vieze Asbak, OGUZ",1,1,4005771,no,0
Vikki Love,1,1,5975092,no,0
Vina Anais,1,1,2195493,no,0
Vince Everett,1,1,1916439,no,0
Vince Guaraldi Trio,1,1,4393694,no,0
Vincent & A Secret,1,1,2066413,no,0
Vincent Augustus,1,1,2127522,no,0
Vincent Lima,1,1,3532347,no,0
Vingador,1,1,3508443,no,0
Vintage Crop,1,1,4043342,no,0
"Vintage Culture, Chemical Surf",1,1,3170937,no,0
Violent Femmes,1,1,2053674,no,0
"Violent Vickie, Fragrance",1,1,3511052,no,0
Virtual Riot,1,1,4157434,no,0
Visceral Design,1,1,3292118,no,0
"Visceral Design, let me you",1,1,3582965,no,0
Visio,1,1,2247266,no,0
VisionPlay,1,1,2824895,no,0
Visla,1,1,3665788,no,0
Vitaa & Slimane,1,1,3805343,no,0
"Vital, Majistrate",1,1,3553767,no,0
Vitalic,1,1,3077633,no,0
Vitalij Kuprij,1,1,3738512,no,0
Vitamjn,1,1,1488423,no,0
Vladimir Dubyshkin,1,1,5543832,no,0
Vociferatus,1,1,4418041,no,0
Void Vision,1,1,3843042,no,0
Volcano Choir,1,1,4076541,no,0
Voliik,1,1,4427857,no,0
Voluptuöus,1,1,2434177,no,0
Vondkreistan,1,1,4248749,no,0
Voodoo Swing,1,1,3914186,no,0
Vovking,1,1,3950166,no,0
Vulgatron,1,1,2854331,no,0
VÉRITÉ,1,1,3155286,no,0
W O L F C L U B,1,1,2896271,no,0
"W&W, Hardwell, Lil Jon",1,1,2106385,no,0
"WARGASM (UK), Corey Taylor",1,1,3792114,no,0
"WARGASM (UK), Hyper",1,1,3912346,no,0
WE ARE FURY,1,1,3443187,no,0
WHOKILLEDXIX,1,1,2545258,no,0
WIINSTON,1,1,2975669,no,0
WILD,1,1,3490896,no,0
WONDER,1,1,2297941,no,0
WRABEL,1,1,3608870,no,0
"WRABEL, Kesha",1,1,3613502,no,0
"WWE, Jim Johnston",1,1,2020304,no,0
WZW,1,1,3051668,no,0
"Waeys, Molecular",1,1,4649377,no,0
"Waeys, Rueben",1,1,3325295,no,0
Wailing Souls,1,1,3701022,no,0
"Wajatta, John Tejada, Reggie Watts",1,1,3890676,no,0
Wake,1,1,4134772,no,0
"Wakko The Kidd, Insane Clown Posse, Violent J",1,1,3128576,no,0
Waliche,1,1,6260317,no,0
Walker Lewis,1,1,3067538,no,0
Wallowing,1,1,4886518,no,0
Walter Ego,1,1,2341933,no,0
Walter Mitty and His Makeshift Orchestra,1,1,1437664,no,0
Want of Sin,1,1,6054549,no,0
War Ripper,1,1,2026066,no,0
"War, 1895",1,1,3878353,no,0
"War, Kyle Watson",1,1,3032263,no,0
Warbly Jets,1,1,3258461,no,0
Warcloud,1,1,3985651,no,0
Ward Stetson,1,1,3287802,no,0
Ward Thomas,1,1,3090142,no,0
Warfill,1,1,1347869,no,0
"Warrbuckss, Killer Mike",1,1,3256844,no,0
"Warren Hue, Chasu",1,1,2171649,no,0
Warren Smith,1,1,1550920,no,0
Was (Not Was),1,1,3942743,no,0
Wasiu,1,1,3052173,no,0
Wassup Rocker,1,1,2807783,no,0
Waste Cult,1,1,4813630,no,0
Watsky,1,1,2776183,no,0
Wax Fang,1,1,5207869,no,0
Wax Motif,1,1,3154683,no,0
Wayfarer,1,1,6009858,no,0
"Wayne Kirkpatrick, Karey Kirkpatrick",1,1,3752139,no,0
Wayne Smith,1,1,3909444,no,0
"Waypoint, Mish",1,1,2863474,no,0
We Are One,1,1,5050958,no,0
"We Are PIGS, Morgan Lander",1,1,3837750,no,0
We Are The Catalyst,1,1,3816288,no,0
We Are The In Crowd,1,1,2665655,no,0
We Came As Romans,1,1,3630409,no,0
Weary Traveller,1,1,8897415,no,0
Weedie TheGod,1,1,2841631,no,0
Weird Inside,1,1,4828565,no,0
Welcome Records,1,1,3225283,no,0
Wendigo,1,1,6453826,no,0
Weston Estate,1,1,2702219,no,0
Wett Brain,1,1,2426830,no,0
What So Not,1,1,3400226,no,0
"What So Not, Oliver Tree, Killer Mike",1,1,2680495,no,0
When In Rome,1,1,3457160,no,0
"When Saints Go Machine, Killer Mike",1,1,3431063,no,0
Whigfield,1,1,3769536,no,0
While She Sleeps,1,1,4633199,no,0
"Whimsical, Shou, Komorebi",1,1,1951503,no,0
"Whiney, Inja",1,1,3218523,no,0
Whispersinyahead,1,1,1648083,no,0
"Whispersinyahead, YM0D",1,1,2211394,no,0
White Denim,1,1,3568852,no,0
White Town,1,1,3889884,no,0
Whitephosphorous,1,1,1594953,no,0
Whole Wheat Bread,1,1,2312192,no,0
"WhoopWhatOrDie, Donnie Menace",1,1,3124518,no,0
"Why Don't We, Macklemore",1,1,3517384,no,0
Whyte Hand,1,1,6336311,no,0
Wifisfuneral,1,1,1289669,no,0
Wigman,1,1,4044760,no,0
"Wigman, Sam Pyro, Chilly",1,1,3456373,no,0
Wild Cherry,1,1,4586337,no,0
Wild Flag,1,1,3589370,no,0
Wild Party,1,1,2507647,no,0
Wilkinson,1,1,3536842,no,0
"Wilkinson, Issey Cross",1,1,3528131,no,0
Will Clark,1,1,3377857,no,0
Will Connolly,1,1,4320475,no,0
Will Joseph Cook,1,1,2784553,no,0
Will Linley,1,1,2214678,no,0
Will Sparks,1,1,3266689,no,0
William DeVaughn,1,1,6573183,no,0
"William Shatner, Iggy Pop",1,1,3347058,no,0
William Youn,1,1,2218000,no,0
"Willie Nelson, Miranda Lambert, Keith Richards, Billy F Gibbons, Toby Keith, Tanya Tucker, Loretta Lynn, Buddy Miller, Jake Owen, Chris Janson, John Anderson, Kacey Musgraves, Lucinda Williams, Ben Ha",1,1,1451619,no,0
Willy Mav,1,1,4918707,no,0
Willy Russell,1,1,2584515,no,0
Windchimes,1,1,3570911,no,0
Windows 96,1,1,3345676,no,0
Winger,1,1,3790603,no,0
Winnetka Bowling League,1,1,3297232,no,0
Winona Fighter,1,1,2473006,no,0
Winter Aid,1,1,4885819,no,0
Wintergatan,1,1,3911760,no,0
Witch Fever,1,1,2656330,no,0
Witchtrap,1,1,3362484,no,0
"Wiz Khalifa, Chevy Woods",1,1,1873661,no,0
"Wiz Khalifa, Empire Of The Sun",1,1,3553644,no,0
"Wiz Khalifa, Fall Out Boy",1,1,4156909,no,0
"Wiz Khalifa, The Weeknd",1,1,4536335,no,0
Wolfbeast Destroyer,1,1,1538520,no,0
Wolfbrigade,1,1,2640654,no,0
"WooDaRealest, Killer Mike",1,1,2930617,no,0
Woodju,1,1,3065765,no,0
Woodkid,1,1,3328801,no,0
"Woodz., Boom Boom",1,1,3171472,no,0
Wookie,1,1,4563506,no,0
"Wooli,Sunday Service",1,1,3175824,no,0
Worakls,1,1,3589908,no,0
Wordclock,1,1,3226525,no,0
Worhs,1,1,7092124,no,0
World Eaters,1,1,5309780,no,0
Worlds Famous Supreme Team,1,1,3955317,no,0
Worriers,1,1,2164932,no,0
Worthikids,1,1,1852839,no,0
Wretched Blessing,1,1,3725445,no,0
Wretched Inferno,1,1,4467767,no,0
Write Out Loud,1,1,2874551,no,0
Wu-Tang Clan,1,1,3622262,no,0
Wurme,1,1,2724343,no,0
"Wurme, GONE ASTRAY, KELIZA",1,1,3094061,no,0
"Wurme, Marc Rain",1,1,2758058,no,0
"Wurme, Marc Rain, Jetason",1,1,3664170,no,0
Wyatt McCubbin,1,1,2591905,no,0
"Wynne, WowGr8",1,1,2286250,no,0
"X Ambassadors, Elle King, Wiz Khalifa",1,1,3860854,no,0
"X Ambassadors, K.Flay & grandson",2,1,3496135,no,0
X JAPAN,1,1,3164434,no,0
X Lovers,1,1,2553024,no,0
X-ecutioners,1,1,3164311,no,0
"XBXRX, Miss Pussycat & Quintron",1,1,2433477,no,0
"XL Middleton, SAUCY LADY",1,1,4011093,no,0
"XL Middleton, Zackey Force Funk",1,1,3484022,no,0
XYXXYYYXXYX,1,1,3940423,no,0
Xana,1,1,3357621,no,0
Xaon,1,1,5306816,no,0
Xatashi,1,1,1964884,no,0
Xavi & Manuel Turizo,1,1,3705900,no,0
Xavy Rusan,1,1,2587849,no,0
Xepher Wolf,1,1,2952117,no,0
Xternals,1,1,3653236,no,0
Xul,1,1,1982626,no,0
Y U QT,1,1,3013276,no,0
YC-CY,1,1,3208263,no,0
"YG, The Notorious B.I.G_",1,1,3002783,no,0
YOB,1,1,12781501,no,0
YOG$,1,1,2413755,no,0
YTB FATT,1,1,1931384,no,0
YUC'e,1,1,1389951,no,0
YUI,1,1,3975239,no,0
YUNDI,1,1,6070076,no,0
Yameii Online,1,1,2590004,no,0
Yandel,1,1,6248672,no,0
Yannick Von X Sinzi,1,1,2955320,no,0
Yanns,1,1,2813463,no,0
Yanos,1,1,6826830,no,0
Yara,1,1,3768570,no,0
Yarbrough & Peoples,1,1,5430152,no,0
Yarimov,1,1,2688895,no,0
Yasmin Sydney,1,1,3133648,no,0
Yaya Bey,1,1,1794601,no,0
Yazoo,1,1,5408505,no,0
Year Of No Light,1,1,12107453,no,0
Yellowtechnica,1,1,2740022,no,0
Yelsisdead,1,1,2320181,no,0
"Yelsisdead, SH4RD",1,1,2903248,no,0
"Yelsisdead, Xateratsu",1,1,2405832,no,0
Yes,1,1,9005208,no,0
Ylvis,1,1,3379360,no,0
Yngwie J. Malmsteen’s Rising Force,1,1,5786548,no,0
Yngwie Malmsteen,1,1,3388974,no,0
Yo Gabba Gabba,1,1,1409063,no,0
Yo Speed,1,1,4381310,no,0
Yo-Yo,1,1,4678068,no,0
Yob,1,1,9551983,no,0
Yoh Kamiyama,1,1,2652558,no,0
"Yokai, Këkht Aräkh",1,1,6152939,no,0
Yoko Ono,1,1,5609627,no,0
Yoku Nemuru,1,1,2821027,no,0
YonKaGor,1,1,2589702,no,0
Yonaka,1,1,2574081,no,0
Yoomiii,1,1,3418398,no,0
Yori,1,1,1060179,no,0
Yosh Bass,1,1,3089243,no,0
Yothu Yindi,1,1,3743522,no,0
You Me At Six,1,1,2141373,no,0
You Me at Six,1,1,3899137,no,0
Youna,1,1,4583585,no,0
Young Bombs,1,1,3259537,no,0
Young Guns,1,1,3158554,no,0
Young MC,1,1,3730196,no,0
"Young Prophet, Taj Tha God",1,1,2254965,no,0
"Young Roddy, Killer Mike, Iceberg Black",1,1,3275018,no,0
Young Thug,1,1,3300982,no,0
"Young Thug, 2 Chainz, Wiz Khalifa, PnB Rock",1,1,3584094,no,0
Youngblood Hawke,1,1,3892298,no,0
Younglights,1,1,3677489,no,0
Younha,1,1,3475933,no,0
"Your Favorite Martian, Cartoon Wax",1,1,3171510,no,0
Yourmomlikesmymusic,1,1,2186958,no,0
"Youryoungbody, Sidewalks and Skeletons",1,1,3779108,no,0
Youssou N'Dour & Neneh Cherry,1,1,4758267,no,0
Youth Man,1,1,3069551,no,0
Yseult,1,1,2834873,no,0
Yume,1,1,1991315,no,0
Yumi Arai,1,1,2869789,no,0
Yuna,1,1,3977476,no,0
"Yung Booke, T.I., Killer Mike",1,1,3175241,no,0
Yung Flex,1,1,2064094,no,0
Yung Lean,1,1,3710498,no,0
Yung Yogi,1,1,1541214,no,0
"Yungblud, Chloe Noone",1,1,3196838,no,0
"Yungblud, Denzel Curry",1,1,3060156,no,0
"Yungblud, Dominic Lewis",1,1,5297629,no,0
"Yungblud, Halsey",1,1,4358018,no,0
"Yungblud, Nuno Bettencourt, Frank Bello",1,1,6068128,no,0
"Yungblud, Oli Sykes, Bring Me The Horizon",1,1,3596239,no,0
"Yungblud, WILLOW",1,1,2753717,no,0
Yungtubesock,1,1,1943745,no,0
Yuny,1,1,2801130,no,0
Yunè Pinku,1,1,2945494,no,0
"Yussi, Coppa Komanche",1,1,3494819,no,0
"Yuta Imai, Kobaryo",1,1,3132662,no,0
Yxxan,1,1,2912390,no,0
Yūko Miyamura,1,1,6783504,no,0
"ZAND, Shurk",1,1,2887278,no,0
"ZAPRAVKA, CERES",1,1,2205401,no,0
ZAYN,1,1,3863792,no,0
ZAYN feat. Sia,1,1,3290138,no,0
"ZEDD, 7 YO",1,1,4900541,no,0
"ZEDD, Aloe Blacc",1,1,4349730,no,0
"ZEDD, Beauz, ELLIS",1,1,3655023,no,0
"ZEDD, Elley Duhé",1,1,5002490,no,0
"ZEDD, Elley Duhé, Arkadi",1,1,3729599,no,0
"ZEDD, Griff",1,1,4521548,no,0
"ZEDD, Kesha",1,1,5373281,no,0
"ZEDD, Maren Morris, Beauz",1,1,5072565,no,0
"ZEDD, Maren Morris, Grey",1,1,4499077,no,0
"ZEDD, the olllam",1,1,4668285,no,0
"ZOMBIES – Cast, Disney",1,1,2440257,no,0
ZZ,1,1,3907796,no,0
Zabawa,1,1,4656598,no,0
Zabo,1,1,2756958,no,0
Zac Brown Band,1,1,3640937,no,0
"Zac Efron, Zendaya",1,1,3401080,no,0
Zac Waters,1,1,3337452,no,0
"Zach Hill, Lucas Abela",1,1,6014305,no,0
Zach Sobiech,1,1,2881444,no,0
Zach Top,1,1,3368102,no,0
"Zack Fox, Kenny Beats",1,1,1596721,no,0
Zaho de Sagazan,1,1,3152200,no,0
Zane Hijazi,1,1,2576745,no,0
Zappa,1,1,4232548,no,0
"Zapya, Benny Page, Rendah",1,1,4018489,no,0
"Zaram, Nosgov",1,1,1670485,no,0
Zarqnon the Embarrassed,1,1,3877630,no,0
"Zatox, Holy Priest",1,1,2557442,no,0
Zavod,1,1,3304587,no,0
Zaz,1,1,2976061,no,0
Zazie,1,1,3860425,no,0
Zebra Katz,1,1,3266013,no,0
"Zeds Dead, Droeloe",1,1,2770574,no,0
"Zeds Dead, Rezz",1,1,3887397,no,0
Zeina,1,1,2346868,no,0
Zeltak,1,1,4763406,no,0
Zendaya,1,1,3251825,no,0
Zero 7,1,1,3490999,no,0
"Zero 9:36, Hollywood Undead",1,1,2907544,no,0
Zero 9_36,1,1,2871360,no,0
Zero Boys,1,1,1920458,no,0
"Zero, Slick Don",1,1,3530327,no,0
"Zero, Window Kid",1,1,3169978,no,0
Zeromancer,1,1,4021757,no,0
Zetra,1,1,3664692,no,0
Zhané,1,1,3541247,no,0
Zhu,1,1,4223519,no,0
"Zodeak, JP Tha Hustler, Slyzwicked",1,1,2988666,no,0
Zoe Wees,1,1,3895775,no,0
Zoey Alexandria,1,1,3167181,no,0
Zolita,1,1,2755703,no,0
Zombie Zombie,1,1,5236226,no,0
Zomby,1,1,4140826,no,0
Zotiyac,1,1,2748880,no,0
Zsela,1,1,3120967,no,0
Zsófia Boros,1,1,2612063,no,0
Zsúr,1,1,3693952,no,0
Zutty Singleton,1,1,3794190,no,0
Zzz_,1,1,1922914,no,0
Zélie,1,1,3216386,no,0
_NSYNC,1,1,3153526,no,0
_Wumpscut_,1,1,5405043,no,0
a-ha,1,1,3499082,no,0
aether,1,1,2908301,no,0
"akiaura, Portwave",1,1,2277188,no,0
"akiaura, SMOKEDFILLEDDREAM",1,1,3597918,no,0
"almogfx, Sickheart",1,1,1881050,no,0
"almogfx, Vinter",1,1,1730552,no,0
apocalyptic leaders,1,1,3434762,no,0
asterism,1,1,3501340,no,0
ava zarate,1,1,2476200,no,0
avvry,1,1,1304211,no,0
"banzai, Dj ADZ",1,1,3473000,no,0
bbno$,1,1,2114118,no,0
"bbno$, Yung Gravy",1,1,2154871,no,0
bennie,1,1,4158988,no,0
"bennie, Eyez",1,1,2050494,no,0
"bennie, Latte",1,1,3166361,no,0
binki,1,1,2027094,no,0
"blackbear, Tiny Meat Gang",1,1,2433032,no,0
blackwinterwells,1,1,1609397,no,0
blink-182,1,1,2540186,yes,172
blink‐182 & Lil Wayne,1,1,2450393,no,0
blissfool,1,1,1569658,no,0
botanichesky sad,1,1,2556882,no,0
brawn aths,1,1,1878351,no,0
breathe_,1,1,2967208,no,0
brentalfloss,1,1,2749820,no,0
c a n d i d !,1,1,2997394,no,0
cEvin Key,1,1,3633492,no,0
"cEvin Key, Ken Hiwatt Marshall",1,1,5130660,no,0
calyx,1,1,6111499,no,0
carolesdaughter,1,1,2133480,no,0
carwash,1,1,2487392,no,0
chase usa,1,1,1873237,no,0
chelmico,1,1,3164476,no,0
cinderella,1,1,3670237,no,0
clip,1,1,1925811,no,0
common poetry,1,1,4457495,no,0
congress,1,1,4645104,no,0
corook,1,1,3245949,no,0
coven,1,1,2798310,no,0
cøuch,1,1,4818846,no,0
dalynn,1,1,2927982,no,0
dark cat feat. juu & cinders,1,1,4336701,no,0
darkest birds,1,1,5054414,no,0
dempsey hope,1,1,2586751,no,0
"dolshi, Vlof_",1,1,2465219,no,0
eXample,1,1,2354667,no,0
"eXample, Kanine",1,1,2885948,no,0
eee gee,1,1,3676451,no,0
eli_,1,1,3480039,no,0
enta,1,1,4198977,no,0
fabiomaen,1,1,4091511,no,0
faeryu,1,1,3493898,no,0
fantasy of a broken heart,1,1,4283136,no,0
"faruco, DJ Myosuke",1,1,3729762,no,0
fern,1,1,1331997,no,0
"fern, Blue K",1,1,2698521,no,0
"fern, Lucy's Mirror",1,1,3651672,no,0
finger eleven,1,1,3251567,no,0
flowerovlove,1,1,2622430,no,0
"food house, Gupi, Fraxiom",1,1,3812365,no,0
fractured,1,1,5788469,no,0
fredo disco,1,1,1798418,no,0
førget_,1,1,2043230,no,0
gasdakid,1,1,2710236,no,0
gh0st_boi,1,1,2054507,no,0
gl00my,1,1,2811135,no,0
gladde paling,1,1,913987,no,0
"gladde paling, Parsa",1,1,1155229,no,0
"gladde paling, Vieze Asbak",1,1,1583299,no,0
glue70,1,1,1647269,no,0
gnash,1,1,2844402,no,0
grandson & Jessie Reyez,1,1,4065719,no,0
grandson & K.Flay,1,1,3777270,no,0
grandson x Moby Rich,1,1,2700669,no,0
"grandson, DREAMERS",1,1,2729778,no,0
"grandson, Jessie Reyez & Idris Elba",1,1,3709719,no,0
"grandson, Kesha & Travis Barker",1,1,3232197,no,0
ground score,1,1,1982074,no,0
guardin,1,1,2641728,no,0
gyrofield,1,1,4029027,no,0
gürl,1,1,3431843,no,0
haydys,1,1,2401974,no,0
"heRobust, Monxx",1,1,3827558,no,0
heleenyum,1,1,3993274,no,0
helloworld,1,1,2606071,no,0
hidden jayeem,1,1,3219599,no,0
hikari,1,1,1912063,no,0
himura,1,1,1395129,no,0
hooligan chase,1,1,2239523,no,0
hyperforms,1,1,2710672,no,0
"hyperforms, Elaksi",1,1,2890091,no,0
"iLL Chris, TNT Tez, RudeAssMogli",1,1,1447007,no,0
"iamamiwhoami, ionnalee",1,1,5104040,no,0
"ifeelmanythings, sidejoy_",1,1,2337882,no,0
iiO,1,1,4273977,no,0
ilyTOMMY,1,1,1513150,no,0
"in3briant, Sidewalks and Skeletons",1,1,4223730,no,0
insanlar gerçek olsa,1,1,1766132,no,0
"intra, Wavetapper",1,1,4314545,no,0
it is Jev,1,1,3892920,no,0
j solomon,1,1,3402842,no,0
jagger finn,1,1,1161754,no,0
janpalach,1,1,4356896,no,0
jisei,1,1,748802,no,0
"justICE, mercY",1,1,5393050,no,0
kenzie & Sia,1,1,2167582,no,0
kets4eki,1,1,2482158,no,0
kobzx2z,1,1,2614042,no,0
kxalici,1,1,2469784,no,0
leavv,1,1,2326791,no,0
letÿou,1,1,2353274,no,0
"liquidfive, Joel Coopa, Alltag",1,1,2878156,no,0
lonelyboy & 2Pac,1,1,2002055,no,0
lonelysummit,1,1,3243764,no,0
longlost,1,1,1505489,no,0
"longlost, Bonjr",1,1,3077207,no,0
lxst cxntury,1,1,2641746,no,0
lyric walls,1,1,2349843,no,0
mathru(かにみそP),1,1,3679952,no,0
mazie,1,1,1634418,no,0
mehro,1,1,1994635,no,0
mike_,1,1,3005291,no,0
morimori,1,1,2849672,no,0
muRmur,1,1,1074690,no,0
mui zyu,1,1,3225479,no,0
mycorrhizal,1,1,4917000,no,0
"mynameisntjmack, Blvck Svm",1,1,2856424,no,0
"mynameisntjmack, Sol ChYld",1,1,2981388,no,0
"nExow, Akira Yamaoka",1,1,3644650,no,0
nacho,1,1,3395743,no,0
nanebo,1,1,2803012,no,0
ndls404,1,1,1786877,no,0
nelward,1,1,2411323,no,0
neverhouse,1,1,2635342,no,0
nexus,1,1,5098352,no,0
"nils hoffmann, Ben Böhmer",1,1,5632709,no,0
nobody likes you pat,1,1,2560500,no,0
of Verona,1,1,4024670,no,0
ohmega watts,1,1,3825907,no,0
okayceci,1,1,2371507,no,0
onumi,1,1,3061488,no,0
ottenok,1,1,2490291,no,0
ozonesounds,1,1,4476171,no,0
paopao,1,1,3102249,no,0
peach tinted,1,1,2527113,no,0
phem,1,1,2550345,no,0
phoenix,1,1,3047994,no,0
pigbaby,1,1,2943258,no,0
plenka,1,1,3119278,no,0
poptropicaslutz!,1,1,3637494,no,0
potsu,1,1,1845064,no,0
ppcocaine,1,1,1846506,no,0
"ppcocaine, NextYoungin",1,1,2508396,no,0
"proxy, MAGAWK",1,1,4287606,no,0
psycho,1,1,2269076,no,0
pure,1,1,5175328,no,0
purity_,1,1,2073539,no,0
"ra, Trentemøller",1,1,6089378,no,0
"rené, Angela",1,1,5225349,no,0
rlyblonde,1,1,2571035,no,0
rouri404,1,1,2466835,no,0
salvia palth,1,1,2518062,no,0
saturn 17,1,1,2940744,no,0
"set, Dream Black",1,1,4083395,no,0
shame,1,1,3440358,no,0
she,1,1,2448519,no,0
shxde,1,1,3056471,no,0
"sidejoy., Sickheart",1,1,2628140,no,0
sidejoy_,1,1,2455273,no,0
sidi,1,1,3453968,no,0
sinxa,1,1,2477693,no,0
sleepmakeswaves,1,1,6344139,no,0
"sless, Loboski, Indy Skies",1,1,3122377,no,0
"slmnMORE, Kamo_",1,1,2361335,no,0
slowthai,1,1,2736115,no,0
sounds mint,1,1,3918253,no,0
"splatmusicofficial, Deltix",1,1,1764505,no,0
stef,1,1,2967593,no,0
stupid rich kid,1,1,3164306,no,0
stutter,1,1,1152751,no,0
suggi,1,1,2253828,no,0
swimcoach,1,1,1718280,no,0
ten56_,1,1,2813562,no,0
teo glacier,1,1,2544336,no,0
thanks for coming,1,1,1669503,no,0
the booyah! kids,1,1,1776495,no,0
theultravisitor,1,1,2832295,no,0
"thys, Lordel, Sinistarr",1,1,7110667,no,0
tiLLie,1,1,2424010,no,0
tono-tonoC5,1,1,1975918,no,0
"tsuki, Toxinate",1,1,4569985,no,0
"ugovhb, ef",1,1,1893200,no,0
vaultboy,1,1,2838955,no,0
vi0let,1,1,2370384,no,0
viisi,1,1,2597920,no,0
vildhjarta,1,1,4172973,no,0
void(0),1,1,4080385,no,0
"voltage, Strategy, Specialist Moss",1,1,2284336,no,0
"voltage, Yung Saber",1,1,2837470,no,0
"vowl., Aestral",1,1,2337950,no,0
"vowl., Antent",1,1,1855296,no,0
"vowl., Brothel",1,1,2786657,no,0
"vowl., DREAM DAMA",1,1,3009738,no,0
"vowl., Sidewalks and Skeletons, Brothel",1,1,3069770,no,0
"vowl., prxz",1,1,1745540,no,0
"vowl., sace",1,1,2567471,no,0
vıncent,1,1,3182038,no,0
whatyoudid_,1,1,2658749,no,0
xGCA,1,1,4788694,no,0
xHIGHTOWERx,1,1,3500283,no,0
xxxLadyJxxx,1,1,3187140,no,0
"yaeow, Neptune",1,1,2550086,no,0
yerbby,1,1,2423813,no,0
"youngAu3, First Blood",1,1,2943067,no,0
yourtears,1,1,1471997,no,0
zenorachi,1,1,2360417,no,0
¬¼¢Âq,1,1,4923115,no,0
¥ß¥Í¥é¥ë¡ï¥ß¥é¥¯¥ë¡ï¥ß¥å©`¥º,1,1,3310680,no,0
Ängie,1,1,3263979,no,0
ÆSTRAL,1,1,3617835,no,0
Ætheria Conscientia,1,1,14124413,no,0
Édith Piaf,1,1,2350879,no,0
ËMMË,1,1,3507305,no,0
"ËMMË, Sydnee Carter",1,1,3389824,no,0
Í Myrkri,1,1,7977711,no,0
Ñengo Flow,1,1,3536186,no,0
"Ólafur Arnalds, Bonobo",1,1,3601616,no,0
"Öwnboss, SEVEK",1,1,3145466,no,0
"ØTTA, High Speed Violence",1,1,5143422,no,0
Úzkost,1,1,3852265,no,0
İdil Biret,1,1,3905920,no,0
"ΔXIUS LIИK, ножевые ранения",1,1,3988498,no,0
Διχόνοια,1,1,5127018,no,0
АИГЕЛ,1,1,2383467,no,0
ДЕТИ RAVE,1,1,3615223,no,0
Ринат Шакиров,1,1,3416627,no,0
"маманеслушайэто, XI8T",1,1,1680612,no,0
✧BRAINDAAMAGE✧,1,1,3783977,no,0
でんの子P,1,1,2252989,no,0
デミ・ロヴァート,1,1,3636449,no,0
ナイトメア,1,1,3600630,no,0
伊勢聡,1,1,3161764,no,0
大橋純子,1,1,4791033,no,0
春奈るな,1,1,4175085,no,0
杨雪霏,1,1,3370353,no,0
澤野弘之,1,1,2460717,no,0
ＳＣＡＮＤＡＬ,1,1,3878402,no,0
